SID,Name_E,Name_G,PID,TCode,DCode,Code_16,Phy_Vcode,Is_Tribal,Is_Notional
1,Area-1 (070600101),Sub Facility Level -1,95,0006,6,64,0,0,0
2,Area-1 (ANM Area Code 070600901),Sub Facility Level-1,134,0006,6,87,0,0,0
3,Area-1,,105,0030,1,38,,0,0
4,Area-2,,105,0030,1,39,,0,0
5,Area-3,,105,0030,1,40,,0,0
6,Area-4,,105,0030,1,41,,0,0
8,Area-1,,86,0003,2,1,,0,0
9,Area-1 (070605701),&nbsp;,67,0006,6,2,0,0,0
10,Area-2,,86,0003,2,2,,0,0
11,Area-1,,30,0001,2,1,,0,0
12,Area-1 (070604901),&nbsp;,45,0004,6,1,0,0,0
13,Area-2,,30,0001,2,2,,0,0
14,Area-1,,18,0019,7,1,0,0,0
15,Area-1,,59,0001,2,3,,0,0
16,Area-2,,59,0001,2,4,,0,0
17,Area-1,,61,0019,7,2,0,0,0
18,Area-3,,59,0001,2,5,,0,0
19,Area-1,,47,0021,7,1,0,0,0
20,Area-2,,47,0021,7,2,0,0,0
21,Area-4,,59,0001,2,6,,0,0
22,Area-1,,62,0020,7,1,0,0,0
23,Area-1,,63,0001,2,7,,0,0
24,Area-2,,63,0001,2,8,,0,0
26,Area-3,,63,0001,2,9,,0,0
27,Area-1,,6,0002,1,5,0,0,0
28,Area-1,,5,0021,7,3,0,0,0
29,Area-4,,63,0001,2,10,,0,0
30,Area-2,,5,0021,7,4,0,0,0
31,Area -1,,64,0006,6,3,,0,0
32,Area-2,,6,0002,1,6,0,0,0
33,Area-3,,5,0021,7,5,0,0,0
34,Area-5,,63,0001,2,11,,0,0
35,Area-1,,24,0001,2,12,,0,0
36,Area-4,,5,0021,7,6,0,0,0
37,Area-6,,63,0001,2,13,,0,0
38,Area-2 (070605601),&nbsp;,64,0006,6,4,0,0,0
39,Area-1,,9,0019,7,3,0,0,0
40,Area-2,,24,0001,2,14,,0,0
41,Area-1,,21,0029,1,40,,0,0
42,Area-1 (070604501),&nbsp;,19,0004,6,3,0,0,0
44,Area-2,,9,0019,7,4,0,0,0
46,Area-2,,21,0029,1,41,,0,0
47,Area-3,,9,0019,7,5,0,0,0
48,Area-3,,24,0001,2,15,,0,0
49,Area-4,,9,0019,7,6,0,0,0
50,Area-3,,21,0029,1,42,,0,0
51,Area-1 (070606001),&nbsp;,78,0004,6,6,0,0,0
52,Area-1,,55,0031,2,30,,0,0
53,Area-2 (070606002),&nbsp;,78,0004,6,7,0,0,0
54,Area-1,,92,0002,1,10,0,0,0
55,Area-2,,55,0031,2,31,,0,0
56,Area-1,,12,0021,7,7,0,0,0
57,Area-3 (070606003),&nbsp;,78,0004,6,8,0,0,0
58,Area-2,,92,0002,1,11,0,0,0
59,Area-3,,55,0031,2,32,,0,0
60,Area-2,,12,0021,7,8,0,0,0
61,Area-3,,92,0002,1,12,0,0,0
62,Area-1 (070605301),&nbsp;,57,0006,6,10,0,0,0
63,Area-3,,12,0021,7,9,0,0,0
64,Area-1,,13,0030,1,9,,0,0
65,Area -2,,57,0006,6,11,,0,0
66,Area-4,,12,0021,7,10,0,0,0
67,Area-2,,13,0030,1,10,,0,0
68,Area -1 (070605501),&nbsp;,1,0006,6,8,0,0,0
69,Area-5,,12,0021,7,11,0,0,0
70,Area-1,,15,0030,1,12,,0,0
72,Area-2,,15,0030,1,13,,0,0
73,Area-1 (070605201),&nbsp;,53,0004,6,9,0,0,0
74,Area-3,,15,0030,1,14,,0,0
75,Area-4,,15,0030,1,15,,0,0
76,Area-1,,94,0029,1,13,,0,0
77,Area-1,,10,0030,1,1,,0,0
79,Area-2,,10,0030,1,2,,0,0
80,Area-1 (070605802),&nbsp;,70,0004,6,10,0,0,0
81,Area-3,,10,0030,1,3,,0,0
82,Area-2 (070605803),&nbsp;,70,0004,6,11,0,0,0
83,Area-4,,10,0030,1,4,,0,0
84,Area-2,,94,0029,1,14,,0,0
85,Area-3 (070605804),&nbsp;,70,0004,6,12,0,0,0
86,Area-4 (070605801),&nbsp;,70,0004,6,13,0,0,0
87,Area-1,,11,0030,1,6,,0,0
89,Area-2,,11,0030,1,7,,0,0
90,Area-3,,94,0029,1,15,,0,0
91,Area-1 (070605902),&nbsp;,74,0004,6,15,0,0,0
92,Area-1,,56,0001,2,19,,0,0
93,Area-1,,14,0019,7,7,0,0,0
94,Area-2,,56,0001,2,20,,0,0
95,Area-2 (070605907),&nbsp;,74,0004,6,16,0,0,0
96,Area-2,,14,0019,7,8,0,0,0
97,Area-1,,90,0029,1,11,,0,0
98,Area-2 (070600103),Sub Facility Level-2,95,0006,6,65,0,0,0
99,Area-3 (070605904),&nbsp;,74,0004,6,17,0,0,0
100,Area-5 (070605906),&nbsp;,74,0004,6,18,0,0,0
101,Area-1,,65,0003,2,3,,0,0
102,Area-1,,16,0021,7,12,0,0,0
103,Area-2,,90,0029,1,12,,0,0
104,Area-2,,65,0003,2,4,,0,0
105,Area-2,,16,0021,7,13,0,0,0
106,Area-4 (070605905),&nbsp;,74,0004,6,19,0,0,0
107,Area-1,,28,0029,1,1,,0,0
108,Area-3,,65,0003,2,5,,0,0
109,Area-1,,81,0019,7,9,0,0,0
110,Area-6 (070605901),&nbsp;,74,0004,6,20,0,0,0
111,Area-4,,65,0003,2,6,,0,0
112,Area-7 (070605903),&nbsp;,74,0004,6,21,0,0,0
113,Area-1,,20,0019,7,10,0,0,0
114,Area-1,,82,0002,1,339,,0,0
115,Area-2,,20,0019,7,11,0,0,0
116,Area-1,,96,0002,1,31,0,0,0
117,Area-1 (070605001),&nbsp;,48,0004,6,22,0,0,0
118,Area-2,,96,0002,1,32,0,0,0
119,Area-2,,82,0002,1,340,,0,0
120,Area-1 (070604601),&nbsp;,23,0004,6,23,0,0,0
121,Area-1,,22,0021,7,14,0,0,0
122,Area-3,,82,0002,1,341,,0,0
123,Area-2 (070604602),&nbsp;,23,0004,6,24,0,0,0
124,Area-1,,44,0002,1,33,0,0,0
125,Area-2,,22,0021,7,15,0,0,0
126,Area-3 (070600104),Sub Facility Level-3,95,0006,6,66,0,0,0
127,Area-3,&nbsp;,23,0004,6,25,0,0,0
128,Area-1,,3,0002,1,34,0,0,0
129,Area-4 (070604603),&nbsp;,23,0004,6,26,0,0,0
130,Area-2,,3,0002,1,35,0,0,0
131,Area-2,,44,0002,1,36,0,0,0
132,Area-4 (070600102),Sub Facility Level-4,95,0006,6,67,0,0,0
133,Area-5,&nbsp;,23,0004,6,27,0,0,0
134,Area-1,,101,0030,1,26,,0,0
135,Area-3,,22,0021,7,16,0,0,0
136,Area-2,,101,0030,1,27,,0,0
137,Area-3,,44,0002,1,39,0,0,0
138,Area-1 (070605401),&nbsp;,60,0006,6,13,0,0,0
139,Area-5 (070600105),Sub Facility Level-5,95,0006,6,68,0,0,0
140,Area-3,,101,0030,1,28,,0,0
141,Area-1,,25,0019,7,12,0,0,0
142,Area-4,,101,0030,1,29,,0,0
145,Area-5,,101,0030,1,30,,0,0
146,Area-2,,25,0019,7,13,0,0,0
147,Area-1,,8,0002,1,43,0,0,0
148,Area-1 (070606101),&nbsp;,80,0004,6,29,0,0,0
149,Area-1,,102,0001,2,21,,0,0
150,Area-3,,25,0019,7,14,0,0,0
151,Area-2 (070606102),&nbsp;,80,0004,6,30,0,0,0
152,Area-2,,8,0002,1,44,0,0,0
153,Area-2,,102,0001,2,22,,0,0
154,Area-3,,102,0001,2,23,,0,0
155,Area-4,,25,0019,7,15,0,0,0
156,Area-1 (070606201),&nbsp;,84,0004,6,31,0,0,0
157,Area-4,,102,0001,2,24,,0,0
158,Area-2 (070606202),&nbsp;,84,0004,6,32,0,0,0
159,Area-3,,8,0002,1,45,0,0,0
160,Area-1,,27,0021,7,17,0,0,0
161,Area-5,,102,0001,2,25,,0,0
162,Area-4,,8,0002,1,46,0,0,0
163,Area-6,,102,0001,2,26,,0,0
164,Area-1,,7,0029,1,44,,0,0
165,Area-1,,29,0021,7,18,0,0,0
166,Area-2,,29,0021,7,19,0,0,0
167,Area-1,,42,0002,1,337,,0,0
168,Area-1,,38,0030,1,141,,0,0
169,Area-1,,50,0031,2,26,,0,0
170,Area-3,,29,0021,7,20,0,0,0
171,Area-2,,50,0031,2,27,,0,0
172,Area-3,,50,0031,2,28,,0,0
173,Area-4,,29,0021,7,21,0,0,0
174,Area-2,,38,0030,1,142,,0,0
175,Area-1,,77,0003,2,11,,0,0
176,Area-5,,29,0021,7,22,0,0,0
177,Area-2,,77,0003,2,12,,0,0
178,Area-3,,38,0030,1,143,,0,0
179,Area-6,,29,0021,7,23,0,0,0
180,Area-3,,77,0003,2,13,,0,0
181,Area-7,,29,0021,7,24,0,0,0
182,Area-4,,77,0003,2,14,,0,0
184,Area-1,,51,0001,2,31,,0,0
185,Area-5,,77,0003,2,15,,0,0
186,Area-1,,75,0003,2,16,,0,0
187,Area-2,,51,0001,2,32,,0,0
188,Area-1,,33,0021,7,25,0,0,0
189,Area-2,,75,0003,2,17,,0,0
190,Area-3,,75,0003,2,18,,0,0
191,Area-3,,51,0001,2,33,,0,0
192,Area-2,,33,0021,7,26,0,0,0
193,Area-4,,75,0003,2,19,,0,0
195,Area-4,,51,0001,2,34,,0,0
196,Area-5,,75,0003,2,20,,0,0
198,Area-5,,51,0001,2,35,,0,0
199,Area-6,,75,0003,2,21,,0,0
200,Area-3,,33,0021,7,27,0,0,0
201,Area-7,,75,0003,2,22,,0,0
202,Area-1,,46,0001,2,36,,0,0
203,Area-4,,33,0021,7,28,0,0,0
204,Area-2,,46,0001,2,37,,0,0
205,Area-1,,26,0029,1,46,,0,0
206,Area-1 (070600304),Sub Facility Level-1,104,0006,6,70,0,0,0
207,Area-3,,46,0001,2,39,,0,0
208,Area-5,,33,0021,7,29,0,0,0
209,Area-4,,46,0001,2,40,,0,0
210,Area-2,,26,0029,1,47,,0,0
211,Area-1,Sub Facility Level-1,146,0006,6,89,0,0,0
212,Area-5,,46,0001,2,42,,0,0
213,Area-6,,33,0021,7,30,0,0,0
214,Area-2 (070601401),Sub Facility Level-2,146,0006,6,90,0,0,0
216,Area-1,,34,0030,1,17,,0,0
217,Area-1,,36,0019,7,16,0,0,0
219,Area-2,,36,0019,7,17,0,0,0
220,Area-3,,26,0029,1,48,,0,0
221,Area-1 (070600702),Sub Facility Level-1,129,0006,6,81,0,0,0
222,Area-1,,224,0001,2,44,,0,0
223,Area-2,,224,0001,2,45,,0,0
224,Area-3,,36,0019,7,18,0,0,0
225,Area-4,,26,0029,1,49,,0,0
226,Area-3,,224,0001,2,47,,0,0
228,Area-4,,224,0001,2,48,,0,0
229,Area-4,,36,0019,7,19,0,0,0
230,Area-2 (070600703),Sub Facility Level-2,129,0006,6,82,0,0,0
231,Area-1,,109,0030,1,48,,0,0
232,Area-1,,103,0030,1,31,,0,0
233,Area-5,,36,0019,7,20,0,0,0
234,Area-2,,109,0030,1,49,,0,0
235,Area-3,Sub Facility Level-3,129,0006,6,83,,0,0
236,Area-3,,109,0030,1,50,,0,0
237,Area-6,,36,0019,7,21,0,0,0
238,Area-2,,103,0030,1,32,,0,0
239,Area-1,,112,0030,1,53,,0,0
240,Area-4,Sub Facility Level-4,129,0006,6,84,,0,0
241,Area-7,,36,0019,7,22,0,0,0
242,Area-2,,112,0030,1,54,,0,0
243,Area-3,,112,0030,1,55,,0,0
244,Area-1,,17,0001,2,49,,0,0
245,Area-8,,36,0019,7,23,0,0,0
246,Area-4,,112,0030,1,56,,0,0
247,Area-2,,17,0001,2,50,,0,0
248,Area-9,,36,0019,7,24,0,0,0
249,Area-1,,107,0030,1,44,,0,0
250,Area-2,,107,0030,1,45,,0,0
251,Area-3,,17,0001,2,51,,0,0
252,Area-3,,107,0030,1,46,,0,0
253,Area-1,,43,0019,7,25,0,0,0
254,Area-4,,107,0030,1,47,,0,0
255,Area-4,,17,0001,2,52,,0,0
256,Area-1,,49,0021,7,31,0,0,0
257,Area-1,,71,0003,2,23,,0,0
258,Area-2,,49,0021,7,32,0,0,0
259,Area-1,,52,0019,7,26,0,0,0
261,Area-2,,71,0003,2,24,,0,0
262,Area-2,,52,0019,7,27,0,0,0
263,Area-1,,87,0002,1,64,0,0,0
264,Area-1,,139,0002,1,65,0,0,0
265,Area-2,,87,0002,1,66,0,0,0
266,Area-2,,139,0002,1,67,0,0,0
267,Area-1,,89,0002,1,68,0,0,0
268,Area-3,,139,0002,1,69,0,0,0
269,Area-1,,54,0020,7,2,0,0,0
270,Area-4,,139,0002,1,70,0,0,0
271,Area-5,,139,0002,1,71,0,0,0
272,Area-2,,54,0020,7,3,0,0,0
273,Area-6,,139,0002,1,72,0,0,0
274,Area-1,,37,0029,1,3,,0,0
275,Area-7,,139,0002,1,74,0,0,0
276,Area-3,,54,0020,7,4,0,0,0
277,Area-8,,139,0002,1,75,0,0,0
278,Area-9,,139,0002,1,76,0,0,0
279,Area-2,,37,0029,1,4,,0,0
280,Area-10,,139,0002,1,78,0,0,0
281,Area-1,,58,0019,7,28,0,0,0
282,Area-3,,37,0029,1,5,,0,0
283,Area-1,,196,0030,1,126,,0,0
284,Area-2,,58,0019,7,29,0,0,0
285,Area-2,,196,0030,1,127,,0,0
286,Area-4,,37,0029,1,6,,0,0
287,Area-3,,196,0030,1,128,,0,0
288,Area-1,,76,0019,7,30,0,0,0
289,Area-4,,196,0030,1,129,,0,0
290,Area-5,,37,0029,1,7,,0,0
291,Area-2,,76,0019,7,31,0,0,0
292,Area-5,,196,0030,1,130,,0,0
293,Area-6,,37,0029,1,8,,0,0
294,Area-3,,76,0019,7,32,0,0,0
295,Area-6,,196,0030,1,131,,0,0
296,Area-7,,37,0029,1,9,,0,0
297,Area-7,,196,0030,1,132,,0,0
298,Area-4,,76,0019,7,33,0,0,0
299,Area-8,,196,0030,1,133,,0,0
300,Area-9,,196,0030,1,134,,0,0
301,Area-5,,76,0019,7,34,0,0,0
302,Area-1,,83,0003,2,25,,0,0
303,Area-1,,198,0003,2,26,,0,0
304,Area-2,,83,0003,2,27,,0,0
305,Area-6,,76,0019,7,35,0,0,0
306,Area-2,,198,0003,2,28,,0,0
307,Area-3,,198,0003,2,29,,0,0
308,Area-7,&nbsp;,76,0019,7,36,0,0,0
309,Area-1,,79,0031,2,34,,0,0
310,Area-4,,198,0003,2,30,,0,0
311,Area-8,,76,0019,7,37,0,0,0
312,Area-5,,198,0003,2,31,,0,0
313,Area-2,,79,0031,2,35,,0,0
314,Area-9,,76,0019,7,38,0,0,0
315,Area-1,,35,0030,1,19,,0,0
317,Area-10,,76,0019,7,39,0,0,0
318,Area-2,,35,0030,1,20,,0,0
319,Area-1,,66,0021,7,33,0,0,0
320,Area-1,,186,0031,2,1,,0,0
321,Area-2,,186,0031,2,2,,0,0
322,Area-3,,186,0031,2,3,,0,0
323,Area-2,,66,0021,7,34,0,0,0
324,Area-3,,35,0030,1,21,,0,0
325,Area-1 (070601501),Sub Facility Level-1,155,0006,6,92,0,0,0
326,Area-4,,186,0031,2,4,,0,0
328,Area-4,,35,0030,1,22,,0,0
329,Area-5,,186,0031,2,5,,0,0
330,Area-1,,68,0019,7,40,0,0,0
331,Area-2 (070601502),Sub Facility Level-2,155,0006,6,93,0,0,0
332,Area-6,,186,0031,2,6,,0,0
333,Area-2,,68,0019,7,41,0,0,0
334,Area-7,,186,0031,2,7,,0,0
335,Area-5,,35,0030,1,23,,0,0
336,Area-1 (070606801),&nbsp;,108,0006,6,32,0,0,0
337,Area-1,,72,0021,7,35,0,0,0
338,Area-1 (070601601),Sub Facility Level-1,158,0018,6,1,0,0,0
339,Area-2,,72,0021,7,36,0,0,0
340,Area-2 (070606804),&nbsp;,108,0006,6,33,0,0,0
341,Area-8,,186,0031,2,8,,0,0
342,Area-2 (070601602),Sub Facility Level-2,158,0018,6,2,0,0,0
343,Area-6,,35,0030,1,24,,0,0
344,Area-3,,72,0021,7,37,0,0,0
345,Area-9,,186,0031,2,9,,0,0
346,Area-3 (070606803),&nbsp;,108,0006,6,34,0,0,0
347,Area-3 (070601603),Sub Facility Level-3,158,0018,6,3,0,0,0
348,Area-4,,72,0021,7,38,0,0,0
349,Area-1,,191,0002,1,108,0,0,0
350,Area-4 (070606805),&nbsp;,108,0006,6,35,0,0,0
351,Area-1,,2,0002,1,109,0,0,0
352,Area-4 (070601604),Sub Facility Level-4,158,0018,6,4,0,0,0
353,Area-5,,72,0021,7,39,0,0,0
354,Area-2,,191,0002,1,110,0,0,0
356,Area-3,,191,0002,1,111,0,0,0
357,Area-2,,2,0002,1,112,0,0,0
358,Area-5 (070601605),Sub Facility Level-5,158,0018,6,5,0,0,0
359,Area-6,,72,0021,7,40,0,0,0
360,Area-4,,191,0002,1,113,0,0,0
362,Area-5,,191,0002,1,114,0,0,0
363,Area-1,,69,0002,1,115,0,0,0
364,Area-1,,73,0019,7,42,0,0,0
365,Area-2,,73,0019,7,43,0,0,0
366,Area-6,,191,0002,1,116,0,0,0
367,Area-3,,73,0019,7,44,0,0,0
368,Area-7,,191,0002,1,117,0,0,0
369,Area-8,,191,0002,1,118,0,0,0
370,Area-9,,191,0002,1,119,0,0,0
371,Area-1,,40,0002,1,120,0,0,0
372,Area-2,,40,0002,1,121,0,0,0
373,Area-1,,4,0002,1,122,0,0,0
374,Area-2,,4,0002,1,123,0,0,0
375,Area-1,,168,0029,1,16,,0,0
376,Area-1,,173,0003,2,32,,0,0
377,Area-1,,197,0019,7,45,0,0,0
378,Area-2,,168,0029,1,17,,0,0
379,Area-1,Sub Facility Level-1,161,0006,6,95,,0,0
380,Area-2,,173,0003,2,33,,0,0
381,Area-1 (070604302),&nbsp;,115,0006,6,42,0,0,0
382,Area-3,,168,0029,1,18,,0,0
383,Area-2,,197,0019,7,46,0,0,0
384,Area-2 (070601702),Sub Facility Level-2,161,0006,6,96,0,0,0
385,Area-3,,173,0003,2,34,,0,0
386,Area-2 (070604301),&nbsp;,115,0006,6,43,0,0,0
387,Area-3,,197,0019,7,47,0,0,0
388,Area-3 (070601701),Sub Facility Level-3,161,0006,6,97,0,0,0
389,Area-3 (070604303),&nbsp;,115,0006,6,44,0,0,0
390,Area-1,Sub Facility Level-1,164,0006,6,99,,0,0
391,Area-4,,168,0029,1,19,,0,0
392,Area-2 (070601801),Sub Facility Level-2,164,0006,6,100,0,0,0
393,Area-4,,197,0019,7,48,0,0,0
394,Area-5,,168,0029,1,20,,0,0
395,Area-1 (070607801),&nbsp;,88,0004,6,35,0,0,0
396,Area-1,,177,0030,1,96,,0,0
397,Area-3 (070601803),Sub Facility Level-3,164,0006,6,101,0,0,0
398,Area-1,,97,0021,7,41,0,0,0
399,Area-4 (070601802),Sub Facility Level-4,164,0006,6,102,0,0,0
400,Area-2,,97,0021,7,42,0,0,0
401,Area-C,&nbsp;,177,0030,1,97,0,0,0
402,Area-6,,168,0029,1,21,,0,0
403,Area-2 (070607804),&nbsp;,88,0004,6,36,0,0,0
404,Area-7,,168,0029,1,22,,0,0
405,Area-3,,97,0021,7,43,0,0,0
406,Area-1 (070601901),Sub Facility Level-1,169,0006,6,104,0,0,0
407,Area-3,,177,0030,1,98,,0,0
408,Area-3 (070607803),&nbsp;,88,0004,6,37,0,0,0
409,Area-4,,97,0021,7,44,0,0,0
410,Area-2 (070601902),Sub Facility Level-2,169,0006,6,105,0,0,0
411,Area-8,,168,0029,1,23,,0,0
412,Area-1,,176,0030,1,88,,0,0
413,Area-5,,97,0021,7,45,0,0,0
414,Area-9,,168,0029,1,24,,0,0
415,Area-4 (070607802),&nbsp;,88,0004,6,38,0,0,0
416,Area-3 (070601903),Sub Facility Level-3,169,0006,6,106,0,0,0
417,Area-2,,176,0030,1,89,,0,0
418,Area-10,,168,0029,1,25,,0,0
419,Area-1,,99,0019,7,49,0,0,0
420,Area-11,,168,0029,1,26,,0,0
421,Area-3,,176,0030,1,90,,0,0
422,Area-2,,99,0019,7,50,0,0,0
424,Area-12,,168,0029,1,27,,0,0
425,Area-1 (070606901),&nbsp;,113,0006,6,37,0,0,0
426,Area-3,,99,0019,7,51,0,0,0
427,Area-4,,176,0030,1,91,,0,0
428,Area-13,,168,0029,1,28,,0,0
429,Area-2 (070606902),&nbsp;,113,0006,6,38,0,0,0
430,Area-1 (070602001),Sub Facility Level-1,175,0006,6,108,0,0,0
431,Area-4,,99,0019,7,52,0,0,0
432,Area-14,,168,0029,1,29,,0,0
433,Area-5,,176,0030,1,92,,0,0
434,Area -3,,113,0006,6,39,,0,0
435,Area-15,,168,0029,1,30,,0,0
436,Area-2 (070602002),Sub Facility Level-2,175,0006,6,109,0,0,0
437,Area-5,,99,0019,7,53,0,0,0
438,Area -4,,113,0006,6,40,,0,0
439,Area-16,,168,0029,1,31,,0,0
440,Area-1,,122,0001,2,55,,0,0
441,Area-3,Sub Facility Level-3,175,0006,6,110,,0,0
442,Area-1,,93,0021,7,46,0,0,0
443,Area-1 (070607901),&nbsp;,98,0006,6,20,0,0,0
444,Area-17,,168,0029,1,32,,0,0
445,Area-2,,93,0021,7,47,0,0,0
446,Area-18,,168,0029,1,33,,0,0
447,Area-2 (070607902),&nbsp;,98,0006,6,21,0,0,0
448,Area-19,,168,0029,1,34,,0,0
449,Area-3 (070607903),&nbsp;,98,0006,6,22,0,0,0
451,Area-20,,168,0029,1,35,,0,0
452,Area-1,,31,0020,7,5,0,0,0
453,Area -4 (070607904),&nbsp;,98,0006,6,23,0,0,0
454,Area-21,,168,0029,1,36,,0,0
455,Area-1 (070602101),Sub Facility Level-1,180,0006,6,112,0,0,0
456,Area-2,,122,0001,2,56,,0,0
458,Area-22,,168,0029,1,37,,0,0
459,Area-2,Sub Facility Level-2,180,0006,6,113,,0,0
460,Area-3,,122,0001,2,57,,0,0
462,Area-23,,168,0029,1,38,,0,0
463,Area-3 (070602102),Sub Facility Level-3,180,0006,6,114,0,0,0
465,Area-4,,122,0001,2,58,,0,0
466,Area-5,,122,0001,2,59,,0,0
468,Area-4 (070602103),Sub Facility Level-4,180,0006,6,115,0,0,0
469,Area-6,,122,0001,2,60,,0,0
471,Area-1,,165,0003,2,35,,0,0
472,Area-5 (070602104),Sub Facility Level-5,180,0006,6,116,0,0,0
473,Area-2,,165,0003,2,36,,0,0
475,Area-7,,122,0001,2,61,,0,0
476,Area-3,,165,0003,2,37,,0,0
477,Area-1 (070602201),Sub Facility Level-1,184,0018,6,51,0,0,0
478,Area-8,,122,0001,2,62,,0,0
479,Area-4,,165,0003,2,38,,0,0
480,Area-2 (070602202),Sub Facility Level-2,184,0018,6,52,0,0,0
481,Area-5,,165,0003,2,39,,0,0
482,Area-9,,122,0001,2,63,,0,0
483,Area-3 (070602203),Sub Facility Level-3,184,0018,6,53,0,0,0
484,Area-6,,165,0003,2,40,,0,0
485,Area-10,,122,0001,2,64,,0,0
486,Area-7,,165,0003,2,41,,0,0
487,Area-4 (070602204),Sub Facility Level-4,184,0018,6,54,0,0,0
488,Area-9,,165,0003,2,42,,0,0
489,Area-11,,122,0001,2,65,,0,0
490,Area-8,,165,0003,2,43,,0,0
491,Area-5,Area-5,184,0018,6,55,0,0,0
492,Area-10,,165,0003,2,44,,0,0
493,Area-6,Area-6,184,0018,6,56,,0,0
494,Area-12,,122,0001,2,66,,0,0
495,Area-1 (070602302),Sub Facility Level-1,190,0018,6,58,0,0,0
496,Area-13,,122,0001,2,67,,0,0
497,Area-2 (070602301),Sub Facility Level-2,190,0018,6,59,0,0,0
498,Area-14,,122,0001,2,68,,0,0
499,Area-1,,220,0002,1,155,0,0,0
500,Area-2,,220,0002,1,156,0,0,0
501,Area-1 (070608001),&nbsp;,91,0004,6,39,0,0,0
502,Area-1 (070602402),Sub Facility Level-1,195,0018,6,60,0,0,0
503,Area-3,,220,0002,1,157,0,0,0
504,Area-1,,119,0003,2,45,,0,0
505,Area-2 (070608002),&nbsp;,91,0004,6,40,0,0,0
506,Area-2 (070602401),Sub Facility Level-2,195,0018,6,61,0,0,0
507,Area-4,,220,0002,1,158,0,0,0
508,Area-3 (070608003),&nbsp;,91,0004,6,41,0,0,0
509,Area-5,,220,0002,1,159,0,0,0
510,Area-2,,119,0003,2,46,,0,0
511,Area-1 (070602501),Sub Facility Level-1,199,0018,6,7,0,0,0
512,Area-6,,220,0002,1,160,0,0,0
513,Area-3,,119,0003,2,47,,0,0
514,Area-4 (070608004),&nbsp;,91,0004,6,42,0,0,0
515,Area-2 (070602502),Sub Facility Level-2,199,0018,6,8,0,0,0
516,Area-7,,220,0002,1,161,0,0,0
517,Area-4,,119,0003,2,48,,0,0
518,Area-8,,220,0002,1,162,0,0,0
520,Area-3 (070602503),Sub Facility Level-3,199,0018,6,9,0,0,0
521,Area-9,,220,0002,1,163,0,0,0
522,Area-5,,119,0003,2,49,,0,0
524,Area-1 (070603802),Sub Facility Level-1,202,0006,6,118,0,0,0
525,Area-2 (070603801),Sub Facility Level-2,202,0006,6,119,0,0,0
527,Area-6,,119,0003,2,50,,0,0
528,Area-3 (070603803),Sub Facility Level-3,202,0006,6,120,0,0,0
530,Area-7,,119,0003,2,51,,0,0
531,Area-1 (070604203),Sub Facility Level-1,203,0018,6,63,0,0,0
533,Area-1,,149,0031,2,62,,0,0
534,Area-1,,206,0031,2,10,,0,0
535,Area-2 (070604202),Sub Facility Level-2,203,0018,6,64,0,0,0
536,Area-1 (070607001),&nbsp;,135,0006,6,55,0,0,0
537,Area-2,,149,0031,2,63,,0,0
538,Area-2,,206,0031,2,11,,0,0
539,Area-2 (070607002),&nbsp;,135,0006,6,56,0,0,0
540,Area-3,,206,0031,2,12,,0,0
541,Area-3,,149,0031,2,64,,0,0
542,Area -3,,135,0006,6,57,,0,0
543,Area-4,,206,0031,2,13,,0,0
544,Area-3 (070604201),Sub Facility Level-3,203,0018,6,65,0,0,0
545,Area-4,,149,0031,2,65,,0,0
546,Area-5,,206,0031,2,14,,0,0
548,Area-6,,206,0031,2,15,,0,0
549,Area-7,,206,0031,2,16,,0,0
550,Area-C,Area-c,221,0006,6,127,,0,0
551,Area-1,,154,0030,1,79,,0,0
552,Area-8,,206,0031,2,17,,0,0
553,Area-2,,154,0030,1,80,,0,0
554,Area-9,,206,0031,2,18,,0,0
555,Area-1 (070602803),Sub Facility Level-1,208,0018,6,10,0,0,0
556,Area-3,,154,0030,1,81,,0,0
557,Area-10,,206,0031,2,19,,0,0
558,Area-2 (070602801),Sub Facility Level-2,208,0018,6,11,0,0,0
559,Area-11,,206,0031,2,20,,0,0
560,Area-4,,154,0030,1,82,,0,0
561,Area-3 (70602804),Sub Facility Level-3,208,0018,6,12,0,0,0
562,Area-12,,206,0031,2,21,,0,0
563,Area-4,Sub Facility Level-4,208,0018,6,13,0,0,0
564,Area-5,,154,0030,1,83,,0,0
565,Area-13,,206,0031,2,22,,0,0
566,Area-5 (070602805),Sub Facility Level-5,208,0018,6,14,0,0,0
567,Area-14,,206,0031,2,23,,0,0
568,Area-6,,154,0030,1,84,,0,0
569,Area-15,,206,0031,2,24,,0,0
570,Area-6 (070602802),Sub Facility Level-6,208,0018,6,15,0,0,0
571,Area-16,,206,0031,2,25,,0,0
572,Area-1 (070602901),Sub Facility Level-1,211,0018,6,16,0,0,0
573,Area-1,,217,0003,2,52,,0,0
574,Area-1,,219,0001,2,73,,0,0
575,Area-2,,217,0003,2,53,,0,0
576,Area-2,Sub Facility Level-2,211,0018,6,17,0,0,0
577,Area-3,,217,0003,2,54,,0,0
578,Area-3,Sub Facility Level-3,211,0018,6,18,0,0,0
579,Area-4,,217,0003,2,55,,0,0
580,Area-4,Sub Facility Level-4,211,0018,6,19,0,0,0
582,Area-5,,217,0003,2,56,,0,0
583,Area-2,,219,0001,2,74,,0,0
584,Area-6,,217,0003,2,57,,0,0
585,Area-1 (070603002),Sub Facility Level-1,215,0006,6,122,0,0,0
586,Area-7,,217,0003,2,58,,0,0
587,Area-3,,219,0001,2,75,,0,0
588,Area-1,,222,0001,2,76,,0,0
589,Area-2 (070603001),Sub Facility Level-2,215,0006,6,123,0,0,0
590,Area-4,,219,0001,2,77,,0,0
592,Area-5,,219,0001,2,78,,0,0
593,Area-3 (070603003),Sub Facility Level-3,215,0006,6,124,0,0,0
594,Area-2,,222,0001,2,79,,0,0
595,Area-1 (070603101),Sub Facility Level-1,221,0006,6,128,0,0,0
596,Area-3,,222,0001,2,80,,0,0
597,Area-1 (070607101),&nbsp;,127,0004,6,48,0,0,0
598,Area-4,,222,0001,2,81,,0,0
599,Area-2 (070603102),Sub Facility Level-2,221,0006,6,129,0,0,0
600,Area-2 (070607102),&nbsp;,127,0004,6,49,0,0,0
601,Area-3 (070603103),Sub Facility Level-3,221,0006,6,130,0,0,0
602,Area-1,,223,0003,2,59,,0,0
603,Area-3 (070607103),&nbsp;,127,0004,6,50,0,0,0
604,Area-2,,223,0003,2,60,,0,0
605,Area-1,Sub Facility Level-1,226,0006,6,131,,0,0
606,Area-4 (070607104),&nbsp;,127,0004,6,51,0,0,0
607,Area-5 (070607105),&nbsp;,127,0004,6,52,0,0,0
608,Area-3,,223,0003,2,61,,0,0
609,Area-4,,223,0003,2,62,,0,0
610,Area-6 (070607106),&nbsp;,127,0004,6,53,0,0,0
611,Area-5,,223,0003,2,63,,0,0
612,Area-1 (070607201),&nbsp;,132,0006,6,50,0,0,0
613,Area-1,Sub Facility Level-1,100,0018,6,39,,0,0
614,Area-6,,223,0003,2,64,,0,0
615,Area-1,,227,0019,7,54,0,0,0
616,Area-7,,223,0003,2,65,,0,0
617,Area-6,,219,0001,2,82,,0,0
618,Area-2,Sub Facility Level-2,100,0018,6,40,,0,0
619,Area-2 (070607204),&nbsp;,132,0006,6,51,0,0,0
620,Area-7,,219,0001,2,83,,0,0
621,Area-3,Sub Facility Level-3,100,0018,6,41,,0,0
622,Area-1,,193,0019,7,55,0,0,0
623,Area-3 (070607202),&nbsp;,132,0006,6,52,0,0,0
624,Area-8,,219,0001,2,84,,0,0
626,Area-4 (070607203),&nbsp;,132,0006,6,53,0,0,0
627,Area-9,,219,0001,2,85,,0,0
628,Area-2,,193,0019,7,56,0,0,0
629,Area-1,,204,0002,1,186,0,0,0
630,Area-3,,193,0019,7,57,0,0,0
631,Area-10,,219,0001,2,86,,0,0
632,Area-1 (070607304),&nbsp;,130,0006,6,46,0,0,0
633,Area-2,,204,0002,1,187,0,0,0
634,Area-4,,193,0019,7,58,0,0,0
635,Area-11,,219,0001,2,87,,0,0
636,Area-2 (070600303),Sub Facility Level-2,104,0006,6,71,0,0,0
637,Area-3,,204,0002,1,188,0,0,0
638,Area-2 (070607302),&nbsp;,130,0006,6,47,0,0,0
639,Area-5,,193,0019,7,59,0,0,0
640,Area-4,,204,0002,1,189,0,0,0
641,Area-3 (070600302),Sub Facility Level-3,104,0006,6,72,0,0,0
642,Area-6,,193,0019,7,60,0,0,0
643,Area-3 (070607303),&nbsp;,130,0006,6,48,0,0,0
644,Area-12,,219,0001,2,88,,0,0
645,Area-5,,204,0002,1,190,0,0,0
646,Area-7,,193,0019,7,61,0,0,0
647,Area-4 (070600301),Sub Facility Level-4,104,0006,6,73,0,0,0
648,Area-6,,204,0002,1,191,0,0,0
650,Area-5 (070600305),Sub Facility Level-5,104,0006,6,74,0,0,0
652,Area-7,,204,0002,1,192,0,0,0
653,Area-8,,193,0019,7,62,0,0,0
654,Area-13,,219,0001,2,89,,0,0
656,Area-14,,219,0001,2,90,,0,0
657,Area-1,,187,0020,7,6,0,0,0
658,Area-1 (070608101),&nbsp;,85,0006,6,16,0,0,0
659,Area-1,Sub Facility Level-1,114,0006,6,76,,0,0
660,Area-2,,187,0020,7,7,0,0,0
661,Area-2 (070608102),&nbsp;,85,0006,6,17,0,0,0
662,Area-1,,156,0003,2,66,,0,0
663,Area-2,Sub Facility Level-2,114,0006,6,77,,0,0
664,Area-3,,187,0020,7,8,0,0,0
665,Area -3,,85,0006,6,18,,0,0
666,Area-2,,156,0003,2,67,,0,0
667,Area-4,,187,0020,7,9,0,0,0
669,Area-1,,151,0001,2,91,,0,0
670,Area-3,Sub Facility Level-3,114,0006,6,78,,0,0
671,Area-5,,187,0020,7,10,0,0,0
672,Area-1,,159,0003,2,68,,0,0
673,Area-2,,151,0001,2,92,,0,0
675,Area-6,,187,0020,7,11,0,0,0
676,Area-3,,151,0001,2,93,,0,0
677,Area-2,,159,0003,2,69,,0,0
679,Area-7,,187,0020,7,12,0,0,0
681,Area-1,,171,0002,1,193,0,0,0
682,Area-4,Sub Facility Level-4,114,0006,6,79,,0,0
683,Area-1,,183,0020,7,13,0,0,0
684,Area-4,,151,0001,2,94,,0,0
685,Area-5,,151,0001,2,95,,0,0
686,Area-2,,183,0020,7,14,0,0,0
688,Area-1 (070607403),&nbsp;,106,0006,6,25,0,0,0
689,Area-2,,171,0002,1,194,0,0,0
690,Area-6,,151,0001,2,96,,0,0
691,Area-3,,171,0002,1,195,0,0,0
692,Area-7,,151,0001,2,97,,0,0
693,Area -2,,106,0006,6,26,,0,0
694,Area-3,,183,0020,7,15,0,0,0
695,Area-3 (070607402),&nbsp;,106,0006,6,27,0,0,0
696,Area-4,,183,0020,7,16,0,0,0
697,Area-1 (070600601),Sub Facility Level-1,124,0018,6,44,0,0,0
698,Area-1,,120,0030,1,59,,0,0
699,Area-2 (070600602),Sub Facility Level-2,124,0018,6,45,0,0,0
700,Area-4 (070607401),&nbsp;,106,0006,6,28,0,0,0
701,Area-3 (070600603),Sub Facility Level-3,124,0018,6,46,0,0,0
702,Area-1,,201,0021,7,48,0,0,0
703,Area-5 (070607404),&nbsp;,106,0006,6,29,0,0,0
704,Area-4 (070600604),Sub Facility Level-4,124,0018,6,47,0,0,0
705,Area-2,,201,0021,7,49,0,0,0
706,Area -6,,106,0006,6,30,,0,0
707,Area-3,,201,0021,7,50,0,0,0
708,Area-5 (070600605),Sub Facility Level-5,124,0018,6,48,0,0,0
709,Area-1 (070607503),&nbsp;,123,0004,6,54,0,0,0
710,Area-4,,173,0003,2,70,,0,0
712,Area-2 (070607501),&nbsp;,123,0004,6,55,0,0,0
713,Area-3 (070607502),&nbsp;,123,0004,6,56,0,0,0
714,Area-5,,173,0003,2,71,,0,0
715,Area-5 (070600705),Sub Facility Level-5,129,0006,6,85,0,0,0
716,Area -4,,123,0004,6,57,,0,0
717,Area-6,,173,0003,2,72,,0,0
718,Area-1 (070607601),&nbsp;,136,0004,6,58,0,0,0
719,Area-2 (070607602),&nbsp;,136,0004,6,59,0,0,0
720,Area-4,,177,0030,1,99,,0,0
721,Area-1,,152,0002,1,342,,0,0
724,Area-2,,152,0002,1,343,,0,0
725,Area-5,,177,0030,1,100,,0,0
726,Area-1 (070601001),Sub Facility Level-1,137,0018,6,20,0,0,0
727,Area-1 (070607701),&nbsp;,111,0004,6,61,0,0,0
728,Area-4,,201,0021,7,51,0,0,0
729,Area-2 (070601004),Sub Facility Level-2,137,0018,6,21,0,0,0
730,Area-6,,177,0030,1,101,,0,0
731,Area-2 (070607702),&nbsp;,111,0004,6,62,0,0,0
732,Area-3,,152,0002,1,344,,0,0
733,Area-5,,201,0021,7,52,0,0,0
734,Area-7,,177,0030,1,102,,0,0
735,Area-3 (070607703),&nbsp;,111,0004,6,63,0,0,0
736,Area-3 (070601002),Sub Facility Level-3,137,0018,6,22,0,0,0
737,Area-6,,201,0021,7,53,0,0,0
738,Area-6,,176,0030,1,93,,0,0
739,Area-4 (070607704),&nbsp;,111,0004,6,64,0,0,0
740,Area-4,,152,0002,1,345,,0,0
742,Area-7,,201,0021,7,54,0,0,0
743,Area-5,,152,0002,1,346,,0,0
744,Area-5 (070607705),&nbsp;,111,0004,6,65,0,0,0
745,Area-15,,122,0001,2,98,,0,0
746,Area-1,Sub Facility Level-1,138,0018,6,24,0,0,0
747,Area-1,,142,0002,1,202,0,0,0
748,Area-2,,142,0002,1,203,0,0,0
749,Area-2,Sub Facility Level-2,138,0018,6,25,0,0,0
750,Area-3,,142,0002,1,204,0,0,0
751,Area-16,,122,0001,2,99,,0,0
752,Area-4,,142,0002,1,205,0,0,0
753,Area-6 (070607706),&nbsp;,111,0004,6,66,0,0,0
754,Area-1,,131,0020,7,17,0,0,0
755,Area-17,,122,0001,2,100,,0,0
756,Area-5,,142,0002,1,206,0,0,0
757,Area-3,Sub Facility Level-3,138,0018,6,26,0,0,0
759,Area-6,,142,0002,1,207,0,0,0
760,Area-2,,131,0020,7,18,0,0,0
761,Area-18,,122,0001,2,101,,0,0
763,Area-7,,142,0002,1,208,0,0,0
764,Area-3,,131,0020,7,19,0,0,0
766,Area-8,,142,0002,1,209,0,0,0
767,Area-9,,142,0002,1,210,0,0,0
768,Area-19,,122,0001,2,102,,0,0
769,Area-10,,142,0002,1,211,0,0,0
770,Area-4,,131,0020,7,20,0,0,0
771,Area-20,,122,0001,2,103,,0,0
772,Area-11,,142,0002,1,212,0,0,0
773,Area-5,,131,0020,7,21,0,0,0
774,Area-8,,119,0003,2,78,,0,0
775,Area-1,Sub Facility Level-1,209,0014,5,1,0,0,0
776,Area-1 (070608202),&nbsp;,144,0006,6,59,0,0,0
777,Area-12,,142,0002,1,213,0,0,0
778,Area-2,Sub Facility Level-2,209,0014,5,2,0,0,0
779,Area-2 (070608201),&nbsp;,144,0006,6,60,0,0,0
780,Area-1,,143,0020,7,22,0,0,0
781,Area-13,,142,0002,1,214,0,0,0
782,Area-9,,119,0003,2,79,,0,0
783,Area-3 (070608205),&nbsp;,144,0006,6,61,0,0,0
784,Area-3,Sub Facility Level-3,209,0014,5,3,0,0,0
785,Area-C,,142,0002,1,215,0,0,0
786,Area-4 (070608204),&nbsp;,144,0006,6,62,0,0,0
787,Area-10,,119,0003,2,80,,0,0
790,Area-11,,119,0003,2,81,,0,0
791,Area-2,,143,0020,7,23,0,0,0
793,Area-3,,143,0020,7,24,0,0,0
794,Area-5,,149,0031,2,66,,0,0
796,Area-4,,143,0020,7,25,0,0,0
797,Area-1,Sub Facility Level-1,172,0014,5,26,,0,0
798,Area-1,,179,0002,1,216,0,0,0
799,Area-6,,149,0031,2,67,,0,0
800,Area-2,Sub Facility Level-2,172,0014,5,27,,0,0
801,Area-2,&nbsp;,179,0002,1,217,0,0,0
802,Area-5,,143,0020,7,26,0,0,0
803,Area-3,,179,0002,1,218,0,0,0
804,Area-3,Sub Facility Level-3,172,0014,5,28,,0,0
805,Area-6,,143,0020,7,27,0,0,0
806,Area-7,,154,0030,1,85,,0,0
807,Area-4,,179,0002,1,220,0,0,0
808,Area-4,Sub Facility Level-4,172,0014,5,29,,0,0
809,Area-7,,143,0020,7,28,0,0,0
810,Area-5,,179,0002,1,221,0,0,0
811,Area-8,,154,0030,1,86,,0,0
812,Area-5,Sub Facility Level-5,172,0014,5,30,,0,0
813,Area-6,,179,0002,1,223,0,0,0
814,Area-1,Sub Facility Level-1,212,0014,5,14,,0,0
815,Area-1,,140,0030,1,65,,0,0
816,Area-9,,154,0030,1,87,,0,0
817,Area-2,Sub Fcility-2,212,0014,5,15,,0,0
818,Area-2,,140,0030,1,66,,0,0
819,Area-3,,140,0030,1,67,,0,0
820,Area-3,Sub Facility-3,212,0014,5,16,,0,0
821,Area-15,,219,0001,2,106,,0,0
822,Area-4,,140,0030,1,68,,0,0
823,Area-4,Sub Facility-4,212,0014,5,17,,0,0
824,Area-5,,140,0030,1,69,,0,0
825,Area-16,,219,0001,2,107,,0,0
826,Area-6,,140,0030,1,70,,0,0
827,Area-1,Sub Facility Level-1,200,0014,5,5,0,0,0
828,Area-7,,140,0030,1,71,,0,0
829,Area-17,,219,0001,2,108,,0,0
830,Area-8,,140,0030,1,72,,0,0
831,Area-2,Sub Facility Level-2,200,0014,5,6,0,0,0
832,Area-9,,140,0030,1,73,,0,0
833,Area-3,Sub Facility Level-3,200,0014,5,7,0,0,0
834,Area-1,,148,0019,7,63,0,0,0
835,Area-10,,140,0030,1,74,,0,0
836,Area-18,,219,0001,2,109,,0,0
837,Area-11,,140,0030,1,75,,0,0
838,Area-2,,148,0019,7,64,0,0,0
839,Area-4,Sub Facility Level-4,200,0014,5,8,0,0,0
840,Area-3,,156,0003,2,82,,0,0
841,Area-12,,140,0030,1,76,,0,0
842,Area-3,,148,0019,7,65,0,0,0
843,Area-13,,140,0030,1,77,,0,0
844,Area-1,Sub Facility Level-1,188,0014,5,32,,0,0
845,Area-4,,148,0019,7,66,0,0,0
846,Area-14,,140,0030,1,78,,0,0
847,Area-2,Sub Facility Level-2,188,0014,5,33,,0,0
848,Area-3,,159,0003,2,83,,0,0
849,Area-3,Sub Facility Level-3,188,0014,5,34,,0,0
850,Area-1,,126,0002,1,239,0,0,0
851,Area-2,,126,0002,1,240,0,0,0
852,Area-5,,148,0019,7,67,0,0,0
853,Area-4,,171,0002,1,241,0,0,0
854,Area-3,,126,0002,1,242,0,0,0
855,Area-1,Sub Facility Level-1,205,0014,5,9,0,0,0
856,Area-4,,126,0002,1,243,0,0,0
857,Area-6,,148,0019,7,68,0,0,0
858,Area-2,Sub Facility Level-2,205,0014,5,10,0,0,0
859,Area-5,,126,0002,1,244,0,0,0
860,Area-6,,126,0002,1,245,0,0,0
861,Area-7,,148,0019,7,69,0,0,0
862,Area-3,Sub Facility Level-3,205,0014,5,11,0,0,0
863,Area-7,,126,0002,1,246,0,0,0
864,Area-5,,171,0002,1,247,0,0,0
865,Area-8,,148,0019,7,70,0,0,0
866,Area-8,,126,0002,1,248,0,0,0
867,Area-9,,126,0002,1,249,0,0,0
868,Area-9,,148,0019,7,71,0,0,0
869,Area-6,,171,0002,1,250,0,0,0
870,Area-3,Nil,192,0014,5,35,0,0,0
871,Area-1,,125,0002,1,251,0,0,0
872,Area-10,,148,0019,7,72,0,0,0
873,Area-1,Nil,192,0014,5,36,0,0,0
874,Area-2,,125,0002,1,252,0,0,0
875,Area-2,,120,0030,1,60,,0,0
876,Area-11,,148,0019,7,73,0,0,0
877,Area-2,Nil,192,0014,5,37,0,0,0
878,Area-3,,125,0002,1,254,0,0,0
879,Area-12,,148,0019,7,74,0,0,0
880,Area-4,,125,0002,1,255,0,0,0
881,Area-3,,120,0030,1,61,,0,0
882,Area-4,,120,0030,1,62,,0,0
883,Area-5,,125,0002,1,258,0,0,0
884,Area-13,,148,0019,7,75,0,0,0
886,Area-5,,120,0030,1,63,,0,0
887,Area-1,Sub Facility Level-1,218,0014,5,19,,0,0
888,Area-6,,120,0030,1,64,,0,0
889,Area-6,,125,0002,1,261,0,0,0
890,Area-2,Sub Facility Level-2,218,0014,5,20,,0,0
891,Area-7,,125,0002,1,262,0,0,0
892,Area-1,,147,0003,2,84,,0,0
893,Area-3,Sub Facility Level-3,218,0014,5,21,,0,0
894,Area-8,,125,0002,1,263,0,0,0
895,Area-1,Sub Facility Level-1,225,0014,5,22,,0,0
896,Area-1,,153,0019,7,76,0,0,0
897,Area-2,,147,0003,2,85,,0,0
898,Area-9,,125,0002,1,264,0,0,0
899,Area-2,,153,0019,7,77,0,0,0
900,Area-10,,125,0002,1,265,0,0,0
901,Area-2,Sub Facility Level-2,225,0014,5,23,,0,0
902,Area-11,,125,0002,1,266,0,0,0
903,Area-3,,147,0003,2,86,,0,0
904,Area-3,,153,0019,7,78,0,0,0
905,Area-13,,125,0002,1,267,0,0,0
906,Area-4,,147,0003,2,87,,0,0
907,Area-4,,153,0019,7,79,0,0,0
908,Area-12,,125,0002,1,268,0,0,0
909,Area-7,&nbsp;,153,0019,7,80,0,0,0
910,Area-5,,147,0003,2,88,,0,0
911,Area-1,,116,0031,2,37,,0,0
912,Area-6,,153,0019,7,81,0,0,0
913,Area-2,,116,0031,2,38,,0,0
914,Area-6,,147,0003,2,89,,0,0
915,Area-1,,150,0019,7,82,0,0,0
916,Area-3,,116,0031,2,39,,0,0
917,Area-7,,147,0003,2,90,,0,0
918,Area-2,,150,0019,7,83,0,0,0
919,Area-4,,116,0031,2,40,,0,0
920,Area-5,,116,0031,2,41,,0,0
921,Area-3,,150,0019,7,84,0,0,0
922,Area-6,,116,0031,2,42,,0,0
923,Area-4,,150,0019,7,85,0,0,0
924,Area-7,,116,0031,2,43,,0,0
925,Area-5,,150,0019,7,86,0,0,0
926,Area-8,,116,0031,2,44,,0,0
927,Area-9,,116,0031,2,45,,0,0
928,Area-6,,150,0019,7,87,0,0,0
929,Area-10,,116,0031,2,46,,0,0
930,Area-13,,116,0031,2,47,,0,0
931,Area-12,,116,0031,2,48,,0,0
932,Area-14,,116,0031,2,49,,0,0
933,Area-7,,150,0019,7,88,0,0,0
934,Area-8,,150,0019,7,89,0,0,0
935,Area-11,,116,0031,2,50,,0,0
936,Area-1,,145,0031,2,51,,0,0
937,Area-2,,145,0031,2,52,,0,0
938,Area-3,,145,0031,2,53,,0,0
939,Area-4,,145,0031,2,54,,0,0
940,Area-5,,145,0031,2,55,,0,0
941,Area-6,,145,0031,2,56,,0,0
942,Area-7,,145,0031,2,57,,0,0
943,Area-8,,145,0031,2,58,,0,0
944,Area-9,,145,0031,2,59,,0,0
945,Area-10,,145,0031,2,60,,0,0
946,Area-11,,145,0031,2,61,,0,0
947,Area-1,,166,0003,2,91,,0,0
948,Area-2,,166,0003,2,92,,0,0
949,Area-3,,166,0003,2,93,,0,0
950,Area-4,,166,0003,2,94,,0,0
951,Area-5,,166,0003,2,95,,0,0
952,Area-6,,166,0003,2,96,,0,0
953,Area-7,,166,0003,2,97,,0,0
954,Area-8,,166,0003,2,98,,0,0
955,Area-1,,181,0030,1,103,,0,0
956,Area-2,,181,0030,1,104,,0,0
957,Area-1,,182,0030,1,111,,0,0
958,Area-3,,181,0030,1,105,,0,0
959,Area-4,,181,0030,1,106,,0,0
960,Area-2,,182,0030,1,112,,0,0
961,Area-5,,181,0030,1,107,,0,0
962,Area-3,,182,0030,1,113,,0,0
963,Area-6,,181,0030,1,108,,0,0
964,Area-4,,182,0030,1,114,,0,0
965,Area-7,,181,0030,1,109,,0,0
966,Area-5,,182,0030,1,115,,0,0
967,Area-8,,181,0030,1,110,,0,0
968,Area-1,,189,0002,1,282,0,0,0
969,Area-6,,182,0030,1,116,,0,0
970,Area-2,,189,0002,1,284,0,0,0
971,Area-7,,182,0030,1,117,,0,0
972,Area-3,,189,0002,1,286,0,0,0
973,Area-8,,182,0030,1,118,,0,0
974,Area-C,&nbsp;,189,0002,1,288,0,0,0
975,Area-5,,189,0002,1,289,0,0,0
976,Area-1,,157,0021,7,55,0,0,0
977,Area-2,,157,0021,7,56,0,0,0
978,Area-1,,160,0021,7,57,0,0,0
979,Area-2,,160,0021,7,58,0,0,0
980,Area-3,,160,0021,7,59,0,0,0
981,Area-4,,160,0021,7,60,0,0,0
982,Area-5,,160,0021,7,61,0,0,0
983,Area-6,,160,0021,7,62,0,0,0
984,Area-7,,160,0021,7,63,0,0,0
985,Area-8,,160,0021,7,64,0,0,0
986,Area-1,,163,0019,7,90,0,0,0
987,Area-2,,163,0019,7,91,0,0,0
988,Area-3,,163,0019,7,92,0,0,0
989,Area-4,,163,0019,7,93,0,0,0
990,Area-5,,163,0019,7,94,0,0,0
991,Area-1,,170,0021,7,65,0,0,0
992,Area-2,,170,0021,7,66,0,0,0
993,Area-3,,170,0021,7,67,0,0,0
994,Area-4,,170,0021,7,68,0,0,0
995,Area-5,,170,0021,7,69,0,0,0
996,Area-6,,170,0021,7,70,0,0,0
997,Area-7,,170,0021,7,71,0,0,0
998,Area-8,,170,0021,7,72,0,0,0
999,Area-9,,170,0021,7,73,0,0,0
1000,Area-10,,170,0021,7,74,0,0,0
1001,Area-11,,170,0021,7,75,0,0,0
1002,Area-12,,170,0021,7,76,0,0,0
1003,Area-13,,170,0021,7,77,0,0,0
1004,Area-14,,170,0021,7,78,0,0,0
1005,Area-15,,170,0021,7,79,0,0,0
1006,Area-1,,178,0021,7,80,0,0,0
1007,Area-2,,178,0021,7,81,0,0,0
1008,Area-3,,178,0021,7,82,0,0,0
1009,Area-4,,178,0021,7,83,0,0,0
1010,Area-5,,178,0021,7,84,0,0,0
1011,Area-1,,185,0019,7,95,0,0,0
1012,Area-2,,185,0019,7,96,0,0,0
1013,Area-3,,185,0019,7,97,0,0,0
1014,Area-4,,185,0019,7,98,0,0,0
1015,Area-5,,185,0019,7,99,0,0,0
1016,Area-6,,185,0019,7,100,0,0,0
1017,Area-7,,185,0019,7,101,0,0,0
1018,Area-1,,174,0019,7,102,0,0,0
1019,Area-2,,174,0019,7,103,0,0,0
1020,Area-3,,174,0019,7,104,0,0,0
1021,Area-4,,174,0019,7,105,0,0,0
1023,Area-1,,110,0019,7,106,0,0,0
1024,Area-2,,110,0019,7,107,0,0,0
1025,Area-3,,110,0019,7,108,0,0,0
1026,Area-4,,110,0019,7,109,0,0,0
1027,Area-5,,110,0019,7,110,0,0,0
1028,Area-6,,110,0019,7,111,0,0,0
1029,Area-1,,128,0019,7,112,0,0,0
1030,Area-2,,128,0019,7,113,0,0,0
1031,Area-3,,128,0019,7,114,0,0,0
1032,Area-4,,128,0019,7,115,0,0,0
1033,Area-5,,128,0019,7,116,0,0,0
1034,Area-6,,128,0019,7,117,0,0,0
1035,Area-7,,128,0019,7,118,0,0,0
1036,Area-8,,128,0019,7,119,0,0,0
1037,Area-9,,128,0019,7,120,0,0,0
1038,Area-10,,128,0019,7,121,0,0,0
1039,Area-11,,128,0019,7,122,0,0,0
1040,Area-12,,128,0019,7,123,0,0,0
1041,Area-13,,128,0019,7,124,0,0,0
1042,Area-1,,118,0021,7,85,0,0,0
1043,Area-2,,118,0021,7,86,0,0,0
1044,Area-3,,118,0021,7,87,0,0,0
1045,Area-4,,118,0021,7,88,0,0,0
1046,Area-5,,118,0021,7,89,0,0,0
1047,Area-6,,118,0021,7,90,0,0,0
1048,Area-7,,118,0021,7,91,0,0,0
1049,Area-8,,118,0021,7,92,0,0,0
1050,Area-9,,118,0021,7,93,0,0,0
1051,Area-10,,118,0021,7,94,0,0,0
1052,Area-11,,118,0021,7,95,0,0,0
1053,Area-1,,121,0020,7,29,0,0,0
1054,Area-2,,121,0020,7,30,0,0,0
1055,Area-3,,121,0020,7,31,0,0,0
1056,Area-4,,121,0020,7,32,0,0,0
1057,Area-5,,121,0020,7,33,0,0,0
1058,Area-6,,121,0020,7,34,0,0,0
1059,Area-7,,121,0020,7,35,0,0,0
1060,Area-8,,121,0020,7,36,0,0,0
1061,Area-9,,121,0020,7,37,0,0,0
1062,Area-10,,121,0020,7,38,0,0,0
1063,Area-1,,210,0020,7,39,0,0,0
1064,Area-2,,210,0020,7,40,0,0,0
1065,Area-3,,210,0020,7,41,0,0,0
1066,Area-4,,210,0020,7,42,0,0,0
1067,Area-5,,210,0020,7,43,0,0,0
1068,Area-6,,210,0020,7,44,0,0,0
1069,Area-1,,213,0020,7,45,0,0,0
1070,Area-2,,213,0020,7,46,0,0,0
1071,Area-3,,213,0020,7,47,0,0,0
1072,Area-4,,213,0020,7,48,0,0,0
1073,Area-5,,213,0020,7,49,0,0,0
1074,Area-6,,213,0020,7,50,0,0,0
1075,Area-7,,213,0020,7,51,0,0,0
1076,Area-8,,213,0020,7,52,0,0,0
1077,Area-1,,214,0021,7,96,0,0,0
1078,Area-2,,214,0021,7,97,0,0,0
1079,Area-3,,214,0021,7,98,0,0,0
1080,Area-4,,214,0021,7,99,0,0,0
1081,Area-5,,214,0021,7,100,0,0,0
1082,Area-6,,214,0021,7,101,0,0,0
1083,Area-7,,214,0021,7,102,0,0,0
1084,Area-8,,214,0021,7,103,0,0,0
1085,Area-9,,214,0021,7,104,0,0,0
1086,Area-1,,216,0021,7,105,0,0,0
1087,Area-2,,216,0021,7,106,0,0,0
1088,Area-3,,216,0021,7,107,0,0,0
1089,Area-4,,216,0021,7,108,0,0,0
1090,Area-5,,216,0021,7,109,0,0,0
1091,Area-6,,216,0021,7,110,0,0,0
1092,Area-7,,216,0021,7,111,0,0,0
1093,Area-8,,216,0021,7,112,0,0,0
1094,Area-9,,216,0021,7,113,0,0,0
1095,Area-1,,207,0019,7,125,0,0,0
1096,Area-2,,207,0019,7,126,0,0,0
1097,Area-3,,207,0019,7,127,0,0,0
1098,Area-4,,207,0019,7,128,0,0,0
1099,Area-5,,207,0019,7,129,0,0,0
1100,Area-6,,207,0019,7,130,0,0,0
1101,Area-7,,207,0019,7,131,0,0,0
1102,Area-1,,255,0012,4,1,0,0,0
1103,Area-1,,274,0011,10,28,,0,0
1104,Area-1,&nbsp;,259,0010,4,2,0,0,0
1105,Area-1,&nbsp;,251,0010,4,3,0,0,0
1106,Area-1,&nbsp;,235,0028,4,19,,0,0
1107,Area-1,&nbsp;,268,0012,4,3,0,0,0
1108,Area-1,&nbsp;,242,0012,4,4,0,0,0
1109,Area-1,&nbsp;,244,0028,4,35,,0,0
1110,Area-1,&nbsp;,256,0008,10,29,,0,0
1111,Area-1,&nbsp;,262,0011,10,1,,0,0
1112,Area-1,,265,0011,10,2,,0,0
1113,Area-1,,277,0028,4,48,,0,0
1114,Area-1,&nbsp;,253,0012,4,7,0,0,0
1115,Area-1,,240,0026,11,1,,0,0
1116,Area-1,&nbsp;,249,0012,4,8,0,0,0
1117,Area-1,&nbsp;,232,0028,4,6,,0,0
1118,Area-1,&nbsp;,275,0011,10,32,,0,0
1119,Area-1,,247,0028,4,45,,0,0
1120,Area-1,,228,0011,10,3,,0,0
1121,Area-1,&nbsp;,233,0028,4,14,,0,0
1122,Area-1,&nbsp;,238,0028,4,23,,0,0
1123,Area-1,&nbsp;,276,0011,10,4,,0,0
1124,Area-1,&nbsp;,284,0012,4,13,0,0,0
1125,Area-1,&nbsp;,285,0012,4,14,0,0,0
1126,Area-1,&nbsp;,286,0010,4,6,0,0,0
1127,Area-1,&nbsp;,287,0028,4,79,,0,0
1128,Area-1,&nbsp;,288,0010,4,7,0,0,0
1129,Area-1,&nbsp;,289,0008,10,38,,0,0
1130,Area-2,,240,0026,11,2,,0,0
1131,Area-1,&nbsp;,290,0012,4,16,0,0,0
1132,Area-3,,240,0026,11,3,,0,0
1133,Area-1,&nbsp;,291,0008,10,43,,0,0
1134,Area-4,,240,0026,11,4,,0,0
1135,Area-5,,240,0026,11,5,,0,0
1136,Area-1,&nbsp;,294,0028,4,85,,0,0
1137,Area-1,,234,0025,9,1,0,0,0
1138,Area-1,&nbsp;,293,0010,4,59,,0,0
1139,Area-1,&nbsp;,292,0011,10,5,,0,0
1140,Area-2,,234,0025,9,2,0,0,0
1141,Area-1,&nbsp;,281,0010,4,10,0,0,0
1142,Area-1,&nbsp;,282,0028,4,61,,0,0
1143,Area-1,&nbsp;,283,0028,4,70,,0,0
1144,Area-1,,279,0012,4,21,0,0,0
1145,Area-1,,280,0028,4,55,,0,0
1146,Area-1,,254,0008,10,27,,0,0
1147,Area-1,,278,0008,10,34,,0,0
1148,Area-1,,231,0035,9,6,,0,0
1149,Area-2,,231,0035,9,7,,0,0
1150,Area-3,,234,0025,9,5,0,0,0
1151,Area-1,,229,0036,9,1,,0,0
1152,Area-2,Chattarpur Ext. Poling Station No 31,32,33.34 and ,229,0036,9,2,,0,0
1153,Area-3,,229,0036,9,3,,0,0
1154,Area-4,,229,0036,9,4,,0,0
1155,Area-5,,229,0036,9,5,,0,0
1156,Area-6,,229,0036,9,6,,0,0
1157,Area-1,,236,0025,9,12,0,0,0
1158,Area-2,,236,0025,9,13,0,0,0
1159,Area-1,,245,0025,9,14,0,0,0
1160,Area-2,,245,0025,9,15,0,0,0
1161,Area-1,,237,0026,11,6,,0,0
1162,Area-2,,237,0026,11,7,,0,0
1163,Area-1,,327,0009,10,1,,0,0
1164,Area-3,,237,0026,11,8,,0,0
1165,Area-1,,346,0039,3,19,,0,0
1166,Area-1,,230,0035,9,1,,0,0
1167,Area-2,,230,0035,9,2,,0,0
1168,Area-3,,230,0035,9,3,,0,0
1169,Area-2,,342,0008,10,55,,0,0
1170,Area-1,,241,0027,11,1,,0,0
1171,Area-1,,342,0008,10,56,,0,0
1172,Area-2,,241,0027,11,2,,0,0
1173,Area-2,,259,0010,4,13,0,0,0
1174,Area-1,,344,0039,3,9,,0,0
1175,Area-1,,243,0025,9,19,0,0,0
1176,Area-2,,344,0039,3,10,,0,0
1177,Area-3,,344,0039,3,11,,0,0
1178,Area-2,,251,0010,4,14,0,0,0
1179,Area-2,,243,0025,9,20,0,0,0
1180,Area-4,,344,0039,3,12,,0,0
1181,Area-1,,246,0025,9,21,0,0,0
1182,Area-2,,246,0025,9,22,0,0,0
1183,Area-1,,248,0037,11,1,,0,0
1184,Area-5,,344,0039,3,13,,0,0
1185,Area-2,,235,0028,4,20,,0,0
1186,Area-3,,235,0028,4,21,,0,0
1187,Area-6,,344,0039,3,14,,0,0
1188,Area-2,,248,0037,11,2,,0,0
1189,Area-2,&nbsp;,488,0037,11,3,0,0,0
1190,Area-7,,344,0039,3,15,,0,0
1191,Area-2,,268,0012,4,25,0,0,0
1192,Area-3,,268,0012,4,26,0,0,0
1193,Area-8,,344,0039,3,16,,0,0
1194,Area-2,&nbsp;,242,0012,4,27,0,0,0
1195,Area-9,,344,0039,3,17,,0,0
1196,Area-3,&nbsp;,242,0012,4,28,0,0,0
1197,Area-4,,248,0037,11,4,,0,0
1198,Area-1,,357,0034,8,1,,0,0
1199,Area-2,,346,0039,3,20,,0,0
1200,Area-2,,244,0028,4,36,,0,0
1201,Area-2,,357,0034,8,2,,0,0
1202,Area-3,,244,0028,4,37,,0,0
1203,Area-1,,324,0038,3,15,,0,0
1204,Area-4,,244,0028,4,38,,0,0
1205,Area-5,,248,0037,11,5,,0,0
1206,Area-5,,244,0028,4,39,,0,0
1207,Area-1,,386,0023,5,1,,0,0
1208,Area-6,,244,0028,4,40,,0,0
1209,Area-7,,244,0028,4,41,,0,0
1210,Area-6,&nbsp;,248,0037,11,6,,0,0
1211,Area-1,,396,0034,8,48,,0,0
1212,Area-2,,256,0008,10,30,,0,0
1213,Area-3,,256,0008,10,31,,0,0
1214,Area-2,,396,0034,8,49,,0,0
1215,Area-1,,257,0027,11,9,,0,0
1216,Area-4,,256,0008,10,32,,0,0
1217,Area-1,,335,0022,8,3,0,0,0
1218,Area-2,,262,0011,10,6,,0,0
1219,Area-7,,248,0037,11,7,,0,0
1220,Area-3,,262,0011,10,7,,0,0
1221,Area-2,,335,0022,8,4,0,0,0
1222,Area-4,,262,0011,10,8,,0,0
1223,Area-3,,335,0022,8,5,0,0,0
1224,Area-8,,248,0037,11,8,,0,0
1225,Area-1,,260,0036,9,37,,0,0
1226,Area-1,,388,0034,8,41,,0,0
1227,Area-2,,253,0012,4,35,0,0,0
1228,Area-2,,388,0034,8,42,,0,0
1229,Area-3,,253,0012,4,36,0,0,0
1230,Area-5,,260,0036,9,38,,0,0
1231,Area-3,,388,0034,8,43,,0,0
1232,Area-4,,253,0012,4,37,0,0,0
1233,Area-5,,253,0012,4,38,0,0,0
1234,Area-4,,388,0034,8,44,,0,0
1235,Area-2,,260,0036,9,39,,0,0
1236,Area-5,,388,0034,8,45,,0,0
1237,Area-2,,249,0012,4,39,0,0,0
1238,Area-3,,249,0012,4,40,0,0,0
1239,Area-1,,385,0023,5,2,,0,0
1240,Area-4,,249,0012,4,41,0,0,0
1241,Area-3,,260,0036,9,40,,0,0
1242,Area-1,,351,0033,8,21,,0,0
1243,Area-2,,351,0033,8,22,,0,0
1244,Area-4,,260,0036,9,41,,0,0
1245,Area-2,,232,0028,4,7,,0,0
1246,Area-3,,351,0033,8,23,,0,0
1247,Area-3,,232,0028,4,8,,0,0
1248,Area-4,,351,0033,8,24,,0,0
1249,Area-4,,232,0028,4,9,,0,0
1250,Area-5,,232,0028,4,10,,0,0
1251,Area-6,,260,0036,9,42,,0,0
1252,Area-7,,260,0036,9,43,,0,0
1253,Area-5,,351,0033,8,25,,0,0
1254,Area-2,,275,0011,10,33,,0,0
1255,Area-1,,252,0026,11,9,,0,0
1256,Area-3,,275,0011,10,34,,0,0
1257,Area-1,,390,0033,8,39,,0,0
1258,Area-4,,275,0011,10,35,,0,0
1259,Area-2,,390,0033,8,40,,0,0
1260,Area-1,,391,0008,10,1,,0,0
1261,Area-2,,252,0026,11,10,,0,0
1262,Area-5,,275,0011,10,36,,0,0
1263,Area-6,,275,0011,10,37,,0,0
1264,Area-2,,391,0008,10,2,,0,0
1265,Area-3,,252,0026,11,11,,0,0
1266,Area-3,,391,0008,10,3,,0,0
1267,Area-1,,239,0026,11,12,,0,0
1268,Area-2,,233,0028,4,15,,0,0
1269,Area-4,,391,0008,10,4,,0,0
1270,Area-1,,353,0033,8,27,,0,0
1271,Area-3,,233,0028,4,16,,0,0
1272,Area-1,,250,0026,11,13,,0,0
1273,Area-4,,233,0028,4,17,,0,0
1274,Area-5,,391,0008,10,5,,0,0
1275,Area-2,,353,0033,8,28,,0,0
1276,Area-1,,258,0037,11,10,,0,0
1277,Area-1,,400,0007,3,15,0,0,0
1278,Area-3,,353,0033,8,29,,0,0
1279,Area-1,&nbsp;,488,0037,11,11,0,0,0
1280,Area-2,,238,0028,4,24,,0,0
1281,Area-4,,353,0033,8,30,,0,0
1282,Area-2,,400,0007,3,16,0,0,0
1283,Area-3,,238,0028,4,25,,0,0
1284,Area-3,,400,0007,3,17,0,0,0
1285,Area-1,,397,0009,10,2,,0,0
1286,Area-2,,276,0011,10,9,,0,0
1287,Area-1,,398,0033,8,52,,0,0
1288,Area-2,,397,0009,10,3,,0,0
1289,Area-3,,276,0011,10,10,,0,0
1290,Area-3,,397,0009,10,4,,0,0
1291,Area-1,,349,0033,8,17,,0,0
1292,Area-4,,397,0009,10,5,,0,0
1293,Area-2,,349,0033,8,18,,0,0
1294,Area-3,,258,0037,11,12,,0,0
1295,Area-2,,284,0012,4,51,0,0,0
1296,Area-3,,349,0033,8,19,,0,0
1297,Area-1,,410,0008,10,61,,0,0
1298,Area-2,,285,0012,4,52,0,0,0
1299,Area-2,,410,0008,10,62,,0,0
1300,Area-4,,258,0037,11,13,,0,0
1301,Area-3,,285,0012,4,53,0,0,0
1302,Area-5,,258,0037,11,14,,0,0
1303,Area-1,,389,0022,8,26,0,0,0
1304,Area-3,,410,0008,10,63,,0,0
1305,Area-3,&nbsp;,488,0037,11,15,0,0,0
1306,Area-2,,286,0010,4,23,0,0,0
1307,Area-2,,389,0022,8,27,0,0,0
1308,Area-3,,286,0010,4,24,0,0,0
1309,Area-4,,410,0008,10,64,,0,0
1310,Area-4,&nbsp;,488,0037,11,16,0,0,0
1311,Area-8,,258,0037,11,17,,0,0
1312,Area-1,,393,0007,3,22,0,0,0
1313,Area-2,,393,0007,3,23,0,0,0
1314,Area-2,,287,0028,4,80,,0,0
1315,Area-1,,301,0036,9,24,,0,0
1316,Area-3,,287,0028,4,81,,0,0
1317,Area-3,,393,0007,3,24,0,0,0
1318,Area-4,,287,0028,4,82,,0,0
1319,Area-1,,338,0022,8,28,0,0,0
1320,Area-4,,393,0007,3,25,0,0,0
1321,Area-2,,301,0036,9,25,,0,0
1322,Area-5,,393,0007,3,26,0,0,0
1323,Area-2,,288,0010,4,25,0,0,0
1324,Area-2,,338,0022,8,29,0,0,0
1325,Area-6,,393,0007,3,27,0,0,0
1326,Area-3,,288,0010,4,26,0,0,0
1327,Area-3,,301,0036,9,26,,0,0
1328,Area-3,,338,0022,8,30,0,0,0
1329,Area-7,,393,0007,3,28,0,0,0
1330,Area-4,,338,0022,8,31,0,0,0
1331,Area-8,,393,0007,3,29,0,0,0
1332,Area-2,,289,0008,10,39,,0,0
1333,Area-3,,289,0008,10,40,,0,0
1334,Area-1,,360,0034,8,38,,0,0
1335,Area-4,,301,0036,9,27,,0,0
1336,Area-4,,289,0008,10,41,,0,0
1337,Area-2,,360,0034,8,39,,0,0
1338,Area-5,,289,0008,10,42,,0,0
1339,Area-1,,302,0025,9,27,0,0,0
1340,Area-1,,343,0034,8,26,,0,0
1341,Area-2,,290,0012,4,57,0,0,0
1342,Area-3,,290,0012,4,58,0,0,0
1343,Area-1,,394,0038,3,37,,0,0
1344,Area-4,,290,0012,4,59,0,0,0
1345,Area-2,,343,0034,8,27,,0,0
1346,Area-5,,290,0012,4,60,0,0,0
1347,Area-2,,302,0025,9,28,0,0,0
1348,Area-2,,291,0008,10,44,,0,0
1349,Area-2,,394,0038,3,38,,0,0
1350,Area-3,,302,0025,9,29,0,0,0
1351,Area-3,,291,0008,10,45,,0,0
1352,Area-4,,291,0008,10,46,,0,0
1353,Area-3,,394,0038,3,39,,0,0
1354,Area-5,,291,0008,10,47,,0,0
1355,Area-4,,302,0025,9,30,0,0,0
1356,Area-1,,382,0034,8,15,,0,0
1357,Area-2,,382,0034,8,16,,0,0
1358,Area-3,,382,0034,8,17,,0,0
1359,Area-1,,337,0007,3,33,0,0,0
1360,Area-4,,382,0034,8,18,,0,0
1361,Area-1,,299,0027,11,27,,0,0
1362,Area-2,,294,0028,4,86,,0,0
1363,Area-2,,337,0007,3,34,0,0,0
1364,Area-3,,294,0028,4,87,,0,0
1365,Area-3,,337,0007,3,35,0,0,0
1366,Area-2,,299,0027,11,28,,0,0
1367,Area-2,,293,0010,4,60,,0,0
1368,Area-4,,337,0007,3,36,0,0,0
1369,Area-3,,293,0010,4,61,,0,0
1370,Area-3,,299,0027,11,29,,0,0
1371,Area-4,,293,0010,4,62,,0,0
1372,Area-5,,293,0010,4,63,,0,0
1373,Area-6,,293,0010,4,64,,0,0
1374,Area-4,,299,0027,11,30,,0,0
1375,Area-5,,337,0007,3,37,0,0,0
1376,Area-2,,292,0011,10,11,,0,0
1377,Area-5,,299,0027,11,31,,0,0
1378,Area-3,,292,0011,10,12,,0,0
1379,Area-1,,359,0007,3,38,0,0,0
1380,Area-4,,292,0011,10,13,,0,0
1381,Area-6,,299,0027,11,32,,0,0
1382,Area-5,,292,0011,10,14,,0,0
1383,Area-2,,359,0007,3,39,0,0,0
1384,Area-1,,295,0026,11,14,,0,0
1385,Area-3,,359,0007,3,40,0,0,0
1386,Area-5,,382,0034,8,19,,0,0
1387,Area-2,,281,0010,4,35,0,0,0
1388,Area-3,,281,0010,4,36,0,0,0
1389,Area-2,,295,0026,11,15,,0,0
1390,Area-4,,281,0010,4,37,0,0,0
1391,Area-5,,281,0010,4,38,0,0,0
1392,Area-6,,281,0010,4,39,0,0,0
1393,Area-4,,359,0007,3,41,0,0,0
1394,Area-7,,281,0010,4,40,0,0,0
1395,Area-3,,295,0026,11,16,,0,0
1396,Area-2,,282,0028,4,62,,0,0
1397,Area-3,,282,0028,4,63,,0,0
1398,Area-4,,282,0028,4,64,,0,0
1399,Area-4,,295,0026,11,17,,0,0
1400,Area-5,,282,0028,4,65,,0,0
1401,Area-6,,282,0028,4,66,,0,0
1402,Area-5,,295,0026,11,18,,0,0
1403,Area-7,,282,0028,4,67,,0,0
1404,Area-8,,282,0028,4,68,,0,0
1405,Area-2,,283,0028,4,71,,0,0
1406,Area-3,,283,0028,4,72,,0,0
1407,Area-4,,283,0028,4,73,,0,0
1408,Area-5,,283,0028,4,74,,0,0
1409,Area-1,,296,0037,11,19,,0,0
1410,Area-1,,312,0011,10,55,,0,0
1411,Area-6,,283,0028,4,75,,0,0
1412,Area-7,,283,0028,4,76,,0,0
1413,Area-2,,296,0037,11,20,,0,0
1414,Area-8,,283,0028,4,77,,0,0
1415,Area-1,,358,0024,5,3,,0,0
1416,Area-3,,296,0037,11,21,,0,0
1417,Area-1,,317,0011,10,59,,0,0
1418,Area-2,,358,0024,5,4,,0,0
1419,Area-4,,296,0037,11,22,,0,0
1420,Area-5,,296,0037,11,23,,0,0
1421,Area-3,,358,0024,5,5,,0,0
1422,Area-1,&nbsp;,328,0008,10,6,,0,0
1423,Area-6,,296,0037,11,24,,0,0
1424,Area-4,,358,0024,5,6,,0,0
1425,Area-1,,354,0008,10,7,,0,0
1426,Area-5,,358,0024,5,7,,0,0
1427,Area-6,,358,0024,5,8,,0,0
1428,Area-7,,358,0024,5,9,,0,0
1429,Area-1,,320,0009,10,8,,0,0
1430,Area-2,,320,0009,10,9,,0,0
1431,Area-1,&nbsp;,307,0037,11,27,,0,0
1432,Area-1,,387,0022,8,36,0,0,0
1433,Area-2,,387,0022,8,37,0,0,0
1434,Area-3,,320,0009,10,10,,0,0
1435,Area-1,,329,0023,5,8,,0,0
1436,Area-4,,320,0009,10,11,,0,0
1437,Area-5,,320,0009,10,12,,0,0
1438,Area-1,,333,0023,5,71,,0,0
1439,Area-1,,340,0038,3,1,,0,0
1440,Area-1,,339,0022,8,38,0,0,0
1441,Area-2,,340,0038,3,2,,0,0
1442,Area-2,,339,0022,8,39,0,0,0
1443,Area-1,,310,0025,9,31,0,0,0
1444,Area-3,,340,0038,3,3,,0,0
1445,Area-1,,325,0023,5,9,,0,0
1446,Area-2,,310,0025,9,32,0,0,0
1447,Area-1,,318,0009,10,16,,0,0
1448,Area-2,,318,0009,10,17,,0,0
1449,Area-3,,310,0025,9,33,0,0,0
1450,Area-1,,341,0033,8,11,,0,0
1451,Area-3,,318,0009,10,18,,0,0
1452,Area-2,,341,0033,8,12,,0,0
1453,Area-4,,318,0009,10,19,,0,0
1454,Area-1,,319,0026,11,19,,0,0
1455,Area-2,,319,0026,11,20,,0,0
1456,Area-1,,352,0008,10,8,,0,0
1457,Area-3,,341,0033,8,13,,0,0
1458,Area-3,,319,0026,11,21,,0,0
1459,Area-4,,341,0033,8,14,,0,0
1460,Area-4,,319,0026,11,22,,0,0
1461,Area-1,,350,0011,10,61,,0,0
1462,Area-5,,341,0033,8,15,,0,0
1463,Area-2,,350,0011,10,62,,0,0
1464,Area-5,,319,0026,11,23,,0,0
1465,Area-1,,348,0034,8,32,,0,0
1466,Area-1,,322,0039,3,2,,0,0
1467,Area-2,,348,0034,8,33,,0,0
1468,Area-6,,319,0026,11,24,,0,0
1469,Area-2,,322,0039,3,3,,0,0
1470,Area-3,,348,0034,8,34,,0,0
1471,Area-4,,348,0034,8,35,,0,0
1472,Area-3,,322,0039,3,4,,0,0
1473,Area-5,,348,0034,8,36,,0,0
1474,Area-4,,322,0039,3,5,,0,0
1475,Area-7,,319,0026,11,25,,0,0
1476,Area-5,,322,0039,3,6,,0,0
1477,Area-1,,323,0025,9,34,0,0,0
1478,Area-1,,392,0033,8,42,,0,0
1479,Area-6,,322,0039,3,7,,0,0
1480,Area-2,,392,0033,8,43,,0,0
1481,Area-2,,323,0025,9,35,0,0,0
1482,Area-1,,332,0008,10,50,,0,0
1483,Area-3,,392,0033,8,44,,0,0
1484,Area-3,,323,0025,9,36,0,0,0
1485,Area-4,,392,0033,8,45,,0,0
1486,Area-4,,323,0025,9,37,0,0,0
1487,Area-5,,392,0033,8,46,,0,0
1488,Area-2,,332,0008,10,51,,0,0
1489,Area-5,,323,0025,9,38,0,0,0
1490,Area-6,,392,0033,8,47,,0,0
1491,Area-3,,332,0008,10,52,,0,0
1492,Area-6,,323,0025,9,39,0,0,0
1493,Area-7,,392,0033,8,48,,0,0
1494,Area-4,,332,0008,10,53,,0,0
1495,Area-1,,356,0024,5,11,,0,0
1496,Area-7,,323,0025,9,40,0,0,0
1497,Area-2,,356,0024,5,12,,0,0
1498,Area-8,,323,0025,9,41,0,0,0
1499,Area-3,,356,0024,5,13,,0,0
1500,Area-4,,356,0024,5,14,,0,0
1501,Area-1,,367,0039,3,34,,0,0
1502,Area-9,,323,0025,9,42,0,0,0
1503,Area-2,,367,0039,3,35,,0,0
1504,Area-5,,356,0024,5,15,,0,0
1505,Area-1,,345,0034,8,29,,0,0
1506,Area-3,,367,0039,3,36,,0,0
1507,Area-1,,336,0027,11,40,,0,0
1508,Area-2,,345,0034,8,30,,0,0
1509,Area-4,,367,0039,3,37,,0,0
1510,Area-2,,336,0027,11,41,,0,0
1511,Area-10,&nbsp;,376,0033,8,90,,0,0
1512,Area-3,,336,0027,11,42,,0,0
1513,Area-7,&nbsp;,376,0033,8,87,,0,0
1514,Area-1,,361,0011,10,64,,0,0
1515,Area-4,,336,0027,11,43,,0,0
1516,Area-2,,361,0011,10,65,,0,0
1517,Area-8,&nbsp;,376,0033,8,88,,0,0
1518,Area-9,&nbsp;,376,0033,8,89,,0,0
1519,Area-3,,361,0011,10,66,,0,0
1520,Area-5,,336,0027,11,44,,0,0
1521,Area-1,&nbsp;,377,0023,5,14,0,0,0
1522,Area-1,,364,0039,3,22,,0,0
1523,Area-1,,376,0033,8,32,,0,0
1524,Area-2,,364,0039,3,23,,0,0
1525,Area-1,,313,0037,11,34,,0,0
1526,Area-1,,366,0039,3,30,,0,0
1527,Area-2,,376,0033,8,33,,0,0
1528,Area-2,,313,0037,11,35,,0,0
1529,Area-2,,366,0039,3,31,,0,0
1530,Area-3,,376,0033,8,34,,0,0
1531,Area-3,,313,0037,11,36,,0,0
1532,Area-4,,376,0033,8,35,,0,0
1533,Area-1,,362,0039,3,79,,0,0
1534,Area-5,,376,0033,8,36,,0,0
1535,Area-4,,313,0037,11,37,,0,0
1536,Area-2,,362,0039,3,80,,0,0
1537,Area-6,,376,0033,8,37,,0,0
1538,Area-5,,313,0037,11,38,,0,0
1539,Area-6,,313,0037,11,39,,0,0
1540,Area-7,,313,0037,11,40,,0,0
1541,Area-1,,365,0039,3,26,,0,0
1542,Area-1,,355,0023,5,73,,0,0
1543,Area-8,,313,0037,11,41,,0,0
1544,Area-2,,365,0039,3,27,,0,0
1545,Area-2,,355,0023,5,74,,0,0
1546,Area-1,,368,0039,3,39,,0,0
1547,Area-1,,403,0022,8,65,0,0,0
1548,Area-2,,368,0039,3,40,,0,0
1549,Area-9,,313,0037,11,42,,0,0
1550,Area-2,,403,0022,8,66,0,0,0
1551,Area-3,,403,0022,8,67,0,0,0
1552,Area-3,,368,0039,3,41,,0,0
1553,Area-10,,313,0037,11,43,,0,0
1554,Area-1,,405,0033,8,54,,0,0
1555,Area-4,,368,0039,3,42,,0,0
1556,Area-2,,405,0033,8,55,,0,0
1557,Area-3,,405,0033,8,56,,0,0
1558,Area-1,,363,0038,3,20,,0,0
1559,Area-4,,405,0033,8,57,,0,0
1560,Area-2,,363,0038,3,21,,0,0
1561,Area-1,,303,0026,11,26,,0,0
1562,Area-1,,406,0022,8,72,0,0,0
1563,Area-2,,406,0022,8,73,0,0,0
1564,Area-1,,370,0007,3,68,0,0,0
1565,Area-2,,303,0026,11,27,,0,0
1566,Area-3,,406,0022,8,74,0,0,0
1567,Area-2,,370,0007,3,69,0,0,0
1568,Area-4,,406,0022,8,75,0,0,0
1569,Area-1,,378,0007,3,70,0,0,0
1570,Area-1,,401,0024,5,18,,0,0
1571,Area-2,,378,0007,3,71,0,0,0
1572,Area-1,,326,0035,9,24,,0,0
1573,Area-2,,401,0024,5,19,,0,0
1574,Area-1,,373,0039,3,52,,0,0
1575,Area-3,,401,0024,5,20,,0,0
1576,Area-2,,326,0035,9,25,,0,0
1577,Area-2,,373,0039,3,53,,0,0
1578,Area-1,,408,0034,8,51,,0,0
1579,Area-1,,374,0008,10,58,,0,0
1580,Area-2,,408,0034,8,52,,0,0
1581,Area-3,,326,0035,9,26,,0,0
1582,Area-2,,374,0008,10,59,,0,0
1583,Area-3,,408,0034,8,53,,0,0
1584,Area-4,,326,0035,9,27,,0,0
1585,Area-1,,372,0039,3,47,,0,0
1586,Area-5,,326,0035,9,28,,0,0
1587,Area-6,,382,0034,8,20,,0,0
1588,Area-2,,372,0039,3,48,,0,0
1589,Area-1,,371,0039,3,44,,0,0
1590,Area-7,,382,0034,8,21,,0,0
1591,Area-6,,326,0035,9,29,,0,0
1592,Area-2,,371,0039,3,45,,0,0
1593,Area-8,,382,0034,8,22,,0,0
1594,Area-1,,375,0039,3,57,,0,0
1595,Area-2,,375,0039,3,58,,0,0
1596,Area-1,,369,0038,3,23,,0,0
1597,Area-2,,369,0038,3,24,,0,0
1598,Area-1,,407,0022,8,79,0,0,0
1599,Area-1,,379,0011,10,83,,0,0
1600,Area-2,,407,0022,8,80,0,0,0
1601,Area-2,,379,0011,10,84,,0,0
1602,Area-1,,411,0034,8,4,,0,0
1603,Area-2,,411,0034,8,5,,0,0
1604,Area-3,,379,0011,10,85,,0,0
1605,Area-3,,411,0034,8,6,,0,0
1606,Area-4,,379,0011,10,86,,0,0
1607,Area-4,,411,0034,8,7,,0,0
1608,Area-5,,411,0034,8,8,,0,0
1609,Area-1,,416,0033,8,1,,0,0
1610,Area-5,,379,0011,10,87,,0,0
1611,Area-2,,416,0033,8,2,,0,0
1612,Area-3,,416,0033,8,3,,0,0
1613,Area-6,,379,0011,10,88,,0,0
1614,Area-4,,416,0033,8,4,,0,0
1615,Area-7,,379,0011,10,89,,0,0
1616,Area-5,,416,0033,8,5,,0,0
1617,Area-8,,379,0011,10,90,,0,0
1618,Area-9,,379,0011,10,91,,0,0
1619,Area-1,,413,0023,5,76,,0,0
1620,Area-10,,379,0011,10,92,,0,0
1621,Area-2,,413,0023,5,77,,0,0
1622,Area-11,,379,0011,10,93,,0,0
1623,Area-1,&nbsp;,490,0024,5,61,0,0,0
1624,Area-12,,379,0011,10,94,,0,0
1625,Area-1,,409,0033,8,59,,0,0
1626,Area-2,,409,0033,8,60,,0,0
1627,Area-3,,409,0033,8,61,,0,0
1628,Area-1,,380,0007,3,84,0,0,0
1629,Area-4,,409,0033,8,62,,0,0
1630,Area-2,,380,0007,3,85,0,0,0
1631,Area-5,,409,0033,8,63,,0,0
1632,Area-3,,380,0007,3,86,0,0,0
1633,Area-1,,414,0023,5,23,,0,0
1634,Area-2,,414,0023,5,24,,0,0
1635,Area-1,,383,0038,3,27,,0,0
1636,Area-3,,414,0023,5,25,,0,0
1637,Area-2,,383,0038,3,28,,0,0
1638,Area-4,,414,0023,5,26,,0,0
1639,Area-7,,296,0037,11,25,,0,0
1640,Area-8,,296,0037,11,26,,0,0
1641,Area-1,,304,0025,9,49,0,0,0
1642,Area-2,,304,0025,9,50,0,0,0
1643,Area-3,,304,0025,9,51,0,0,0
1644,Area-4,,304,0025,9,52,0,0,0
1645,Area-5,,304,0025,9,53,0,0,0
1646,Area-1,,347,0025,9,54,0,0,0
1647,Area-2,,347,0025,9,55,0,0,0
1648,Area-3,,347,0025,9,56,0,0,0
1649,Area-4,,347,0025,9,57,0,0,0
1650,Area-5,,347,0025,9,58,0,0,0
1651,Area-1,,395,0009,10,27,,0,0
1652,Area-6,,347,0025,9,59,0,0,0
1653,Area-2,,395,0009,10,28,,0,0
1654,Area-7,,347,0025,9,60,0,0,0
1655,Area-1,,300,0025,9,61,0,0,0
1656,Area-3,,395,0009,10,29,,0,0
1657,Area-4,,395,0009,10,30,,0,0
1658,Area-2,,300,0025,9,62,0,0,0
1659,Area-3,,300,0025,9,63,0,0,0
1660,Area-5,,395,0009,10,31,,0,0
1661,Area-4,,300,0025,9,64,0,0,0
1662,Area-6,,395,0009,10,32,,0,0
1663,Area-1,,399,0011,10,74,,0,0
1664,Area-2,,399,0011,10,75,,0,0
1665,Area-1,,402,0038,3,43,,0,0
1666,Area-3,,399,0011,10,76,,0,0
1667,Area-1,,381,0039,3,61,,0,0
1668,Area-2,,381,0039,3,62,,0,0
1669,Area-3,,381,0039,3,63,,0,0
1670,Area-4,,381,0039,3,64,,0,0
1671,Area-5,,381,0039,3,65,,0,0
1672,Area-6,,381,0039,3,66,,0,0
1673,Area-7,,381,0039,3,67,,0,0
1674,Area-8,,381,0039,3,68,,0,0
1675,Area-9,,381,0039,3,69,,0,0
1676,Area-10,,381,0039,3,70,,0,0
1677,Area-11,,381,0039,3,71,,0,0
1678,Area-12,,381,0039,3,72,,0,0
1679,Area-13,,381,0039,3,73,,0,0
1680,Area-3,,383,0038,3,29,,0,0
1681,Area-4,,383,0038,3,30,,0,0
1682,Area-5,,300,0025,9,65,0,0,0
1683,Area-5,,383,0038,3,31,,0,0
1684,Area-6,,300,0025,9,66,0,0,0
1685,Area-6,,383,0038,3,32,,0,0
1686,Area-7,,300,0025,9,67,0,0,0
1687,Area-7,,383,0038,3,33,,0,0
1688,Area-1,,306,0036,9,29,,0,0
1689,Area-8,,383,0038,3,34,,0,0
1690,Area-9,,383,0038,3,35,,0,0
1691,Area-1,,309,0035,9,17,,0,0
1692,Area-2,,309,0035,9,18,,0,0
1693,Area-3,,309,0035,9,19,,0,0
1694,Area-4,,309,0035,9,20,,0,0
1695,Area-2,,402,0038,3,44,,0,0
1696,Area-5,,309,0035,9,21,,0,0
1697,Area-3,,402,0038,3,45,,0,0
1698,Area-6,,309,0035,9,22,,0,0
1699,Area-1,,404,0011,10,78,,0,0
1700,Area-7,,309,0035,9,23,,0,0
1701,Area-2,,404,0011,10,79,,0,0
1702,Area-3,,404,0011,10,80,,0,0
1703,Area-1,,315,0027,11,57,,0,0
1704,Area-4,,404,0011,10,81,,0,0
1705,Area-2,,315,0027,11,58,,0,0
1706,Area-5,,404,0011,10,82,,0,0
1707,Area-3,,315,0027,11,59,,0,0
1708,Area-4,,315,0027,11,60,,0,0
1709,Area-5,,315,0027,11,61,,0,0
1710,Area-1,,316,0026,11,28,,0,0
1711,Area-1,,384,0011,10,68,,0,0
1712,Area-2,,384,0011,10,69,,0,0
1713,Area-2,,316,0026,11,29,,0,0
1714,Area-3,,316,0026,11,30,,0,0
1715,Area-3,,384,0011,10,70,,0,0
1716,Area-4,,316,0026,11,31,,0,0
1717,Area-1,,297,0038,3,10,,0,0
1718,Area-5,,316,0026,11,32,,0,0
1719,Area-2,,297,0038,3,11,,0,0
1720,Area-6,,316,0026,11,33,,0,0
1721,Area-2,,328,0008,10,21,,0,0
1722,Area-1,,321,0037,11,44,,0,0
1723,Area-2,,321,0037,11,45,,0,0
1724,Area-3,,321,0037,11,46,,0,0
1725,Area-4,,321,0037,11,47,,0,0
1726,Area-5,,321,0037,11,48,,0,0
1727,Area-1,,330,0026,11,34,,0,0
1728,Area-2,,330,0026,11,35,,0,0
1729,Area-3,,330,0026,11,36,,0,0
1730,Area-1,,298,0026,11,82,,0,0
1731,Area-2,,298,0026,11,83,,0,0
1732,Area-3,,298,0026,11,84,,0,0
1733,Area-4,,298,0026,11,85,,0,0
1734,Area-5,,298,0026,11,86,,0,0
1735,Area-6,,298,0026,11,87,,0,0
1736,Area-1,,331,0027,11,151,,0,0
1737,Area-2,,331,0027,11,152,,0,0
1738,Area-3,,331,0027,11,153,,0,0
1739,Area-4,,331,0027,11,154,,0,0
1740,Area-1,,334,0025,9,76,0,0,0
1741,Area-2,,334,0025,9,77,0,0,0
1742,Area-3,,334,0025,9,78,0,0,0
1743,Area-4,,334,0025,9,79,0,0,0
1744,Area-5,,334,0025,9,80,0,0,0
1745,Area-6,,334,0025,9,81,0,0,0
1746,Area-7,,334,0025,9,82,0,0,0
1747,Area-2,,307,0037,11,28,,0,0
1748,Area-3,,307,0037,11,29,,0,0
1749,Area-4,,307,0037,11,30,,0,0
1750,Area-5,,307,0037,11,31,,0,0
1751,Area-6,,307,0037,11,32,,0,0
1752,Area-1,,305,0026,11,41,,0,0
1753,Area-2,,305,0026,11,42,,0,0
1754,Area-3,,305,0026,11,43,,0,0
1755,Area-1,,308,0026,11,44,,0,0
1756,Area-2,,308,0026,11,45,,0,0
1757,Area-3,,308,0026,11,46,,0,0
1758,Area-4,,308,0026,11,47,,0,0
1759,Area-5,,308,0026,11,48,,0,0
1760,Area-6,,308,0026,11,49,,0,0
1761,Area-7,,308,0026,11,50,,0,0
1762,Area-8,,308,0026,11,51,,0,0
1763,Area-9,,308,0026,11,52,,0,0
1764,Area-C,&nbsp;,308,0026,11,53,,0,0
1765,Area-1,,311,0026,11,54,,0,0
1766,Area-2,,311,0026,11,55,,0,0
1767,Area-3,,311,0026,11,56,,0,0
1768,Area-4,,311,0026,11,57,,0,0
1769,Area-5,,311,0026,11,58,,0,0
1770,Area-6,,311,0026,11,59,,0,0
1771,Area-7,,311,0026,11,60,,0,0
1772,Area-8,,311,0026,11,61,,0,0
1773,Area-1,,314,0027,11,78,,0,0
1774,Area-1,,270,0035,9,10,,0,0
1775,Area-2,,270,0035,9,11,,0,0
1776,Area-3,,270,0035,9,12,,0,0
1777,Area-4,,270,0035,9,13,,0,0
1778,Area-1,,263,0027,11,79,,0,0
1779,Area-2,,263,0027,11,80,,0,0
1780,Area-3,,263,0027,11,81,,0,0
1781,Area-4,,263,0027,11,82,,0,0
1782,Area-5,,263,0027,11,83,,0,0
1783,Area-1,,266,0027,11,84,,0,0
1784,Area-6,,409,0033,8,64,,0,0
1785,Area-7,,409,0033,8,65,,0,0
1786,Area-2,,266,0027,11,85,,0,0
1787,Area-8,,409,0033,8,66,,0,0
1788,Area-3,,266,0027,11,86,,0,0
1789,Area-1,,412,0023,5,27,,0,0
1790,Area-2,,412,0023,5,28,,0,0
1791,Area-1,,267,0027,11,87,,0,0
1792,Area-3,,412,0023,5,29,,0,0
1793,Area-2,,267,0027,11,88,,0,0
1794,Area-3,,267,0027,11,89,,0,0
1795,Area-4,,267,0027,11,90,,0,0
1796,Area-1,,269,0027,11,91,,0,0
1797,Area-2,,269,0027,11,92,,0,0
1798,Area-2,,271,0036,9,18,,0,0
1799,Area-1,,271,0036,9,19,,0,0
1800,Area-3,,271,0036,9,20,,0,0
1801,Area-4,,271,0036,9,21,,0,0
1802,Area-1,,272,0027,11,93,,0,0
1803,Area-2,,272,0027,11,94,,0,0
1804,Area-3,,272,0027,11,95,,0,0
1805,Area-4,,272,0027,11,96,,0,0
1806,Area-5,,272,0027,11,97,,0,0
1807,Area-1,,273,0027,11,98,,0,0
1808,Area-2,,273,0027,11,99,,0,0
1809,Area-3,,273,0027,11,100,,0,0
1810,Area-4,,273,0027,11,101,,0,0
1811,Area-5,,273,0027,11,102,,0,0
1812,Area-1,,261,0036,9,8,,0,0
1813,Area-2,,261,0036,9,9,,0,0
1814,Area-3,,261,0036,9,10,,0,0
1815,Area-4,,261,0036,9,11,,0,0
1816,Area-5,,261,0036,9,12,,0,0
1817,Area-4,,412,0023,5,30,,0,0
1818,Area-4,,413,0023,5,79,,0,0
1819,Area-5,,413,0023,5,80,,0,0
1820,Area-5,,414,0023,5,31,,0,0
1821,Area-6,,414,0023,5,32,,0,0
1822,Area-7,,414,0023,5,33,,0,0
1823,Area-8,,414,0023,5,34,,0,0
1824,Area-9,,414,0023,5,35,,0,0
1825,Area-1,,420,0024,5,31,,0,0
1826,Area-2,,420,0024,5,32,,0,0
1827,Area-3,,420,0024,5,33,,0,0
1828,Area-4,,420,0024,5,34,,0,0
1829,Area-1,,421,0037,11,49,,0,0
1830,Area-2,,421,0037,11,50,,0,0
1831,Area-3,,421,0037,11,51,,0,0
1832,Area-4,,421,0037,11,52,,0,0
1833,Area-5,,421,0037,11,53,,0,0
1834,Area-5,,420,0024,5,35,,0,0
1835,Area-6,,420,0024,5,36,,0,0
1836,Area-1,,418,0024,5,37,,0,0
1837,Area-2,,418,0024,5,38,,0,0
1838,Area-3,,418,0024,5,39,,0,0
1839,Area-4,,418,0024,5,40,,0,0
1840,Area-5,,418,0024,5,41,,0,0
1841,Area-6,,418,0024,5,42,,0,0
1842,Area-7,,418,0024,5,43,,0,0
1843,Area-6,,416,0033,8,6,,0,0
1844,Area-7,,416,0033,8,7,,0,0
1845,Area-8,,416,0033,8,8,,0,0
1846,Area-9,,416,0033,8,9,,0,0
1847,Area-1,,417,0033,8,68,,0,0
1848,Area-2,,417,0033,8,69,,0,0
1849,Area-3,,417,0033,8,70,,0,0
1850,Area-4,,417,0033,8,71,,0,0
1851,Area-5,,417,0033,8,72,,0,0
1852,Area-6,,417,0033,8,73,,0,0
1853,Area-7,,417,0033,8,74,,0,0
1854,Area-1,,419,0023,5,40,,0,0
1855,Area-2,,419,0023,5,41,,0,0
1856,Area-3,,419,0023,5,42,,0,0
1857,Area-4,,419,0023,5,43,,0,0
1858,Area-5,,419,0023,5,44,,0,0
1859,Area-6,,419,0023,5,45,,0,0
1860,Area-7,,419,0023,5,46,,0,0
1861,Area-C,,229,0036,9,7,,0,0
1862,Area-C,Sub Facility Level-C,124,0018,6,49,,0,0
1863,Area-C,,5,0021,7,114,0,0,0
1864,Area-C,,9,0019,7,132,0,0,0
1865,Area-C,,12,0021,7,115,0,0,0
1866,Area-C,,14,0019,7,133,0,0,0
1867,Area-C,,16,0021,7,116,0,0,0
1868,Area-3,&nbsp;,2,0002,1,290,0,0,0
1869,Area-C,Sub Facility Level-6,172,0014,5,31,,0,0
1870,Area-C,,3,0002,1,291,0,0,0
1871,Area-C,,4,0002,1,292,0,0,0
1872,Area-C,,6,0002,1,293,0,0,0
1873,Area- C,,51,0001,2,135,,0,0
1874,Area- C,,7,0029,1,45,,0,0
1875,Area- C,,8,0002,1,294,0,0,0
1876,Area- C,,10,0030,1,5,,0,0
1877,Area- C,,11,0030,1,8,,0,0
1878,Area- C,,13,0030,1,11,,0,0
1879,Area- C,,15,0030,1,16,,0,0
1880,Area- C,,17,0001,2,137,,0,0
1881,Area- C,,21,0029,1,43,,0,0
1882,Area- C,,24,0001,2,138,,0,0
1883,Area- C,,26,0029,1,50,,0,0
1884,Area- C,,28,0029,1,2,,0,0
1885,Area- C,,30,0001,2,140,,0,0
1886,Area- C,,34,0030,1,18,,0,0
1887,Area- C,,35,0030,1,25,,0,0
1888,Area- C,,37,0029,1,10,,0,0
1889,Area- C,,38,0030,1,144,,0,0
1890,Area- C,,40,0002,1,305,0,0,0
1891,Area- C,,42,0002,1,338,,0,0
1892,Area- C,,46,0001,2,141,,0,0
1893,Area- C,,50,0031,2,29,,0,0
1894,Area- C,,69,0002,1,306,0,0,0
1895,Area- C,,44,0002,1,307,0,0,0
1896,Area- C,,55,0031,2,33,,0,0
1897,Area- C,,56,0001,2,144,,0,0
1898,Area- C,,59,0001,2,145,,0,0
1899,Area- C,,63,0001,2,146,,0,0
1900,Area- C,,65,0003,2,100,,0,0
1901,Area- C,,71,0003,2,101,,0,0
1902,Area- C,,77,0003,2,102,,0,0
1903,Area-3,&nbsp;,79,0031,2,36,0,0,0
1904,Area- C,,83,0003,2,103,,0,0
1905,Area- C,,3,0002,1,104,0,0,0
1906,Area- C,,102,0001,2,308,,0,0
1907,Area-C,,254,0008,10,28,,0,0
1908,Area-C,,275,0011,10,38,,0,0
1909,Area-C,,274,0011,10,29,,0,0
1910,Area-C (70604101),Sub Facility Level-5,100,0018,6,42,0,0,0
1911,Area-C (070605702),&nbsp;,67,0006,6,7,0,0,0
1912,Area-C,Sub Facility Level-7,95,0006,6,69,,0,0
1913,Area - C,,1,0006,6,9,,0,0
1914,Area-C,&nbsp;,60,0006,6,14,0,0,0
1915,Area-C,Sub Facility Level-7,158,0018,6,27,0,0,0
1916,Area-C (070604204),Sub Facility Level-6,203,0018,6,66,0,0,0
1918,Area-C,Sub Facility Level-5,169,0006,6,107,,0,0
1919,Area -C,,74,0004,6,69,,0,0
1920,Area-C (070605202),&nbsp;,53,0004,6,70,0,0,0
1922,Area-C,Sub Facility Level-3,134,0006,6,88,,0,0
1923,Area -C,,70,0004,6,72,,0,0
1925,Area- C,&nbsp;,45,0004,6,74,0,0,0
1926,Area -C,,57,0006,6,12,,0,0
1927,Area -C,,19,0004,6,75,,0,0
1929,Area-C,,409,0033,8,67,,0,0
1930,Area-1,&nbsp;,162,0002,1,347,,0,0
1931,Area-2,&nbsp;,162,0002,1,348,,0,0
1932,Area-C,,357,0034,8,3,,0,0
1933,Area-C,,386,0023,5,47,,0,0
1934,Area-C,,396,0034,8,50,,0,0
1935,Area-C,,335,0022,8,98,0,0,0
1936,Area-C,,388,0034,8,46,,0,0
1937,Area-C,,385,0023,5,48,,0,0
1938,Area-C,,389,0022,8,100,0,0,0
1939,Area-C,,338,0022,8,101,0,0,0
1940,Area-C,,360,0034,8,40,,0,0
1941,Area-C,,343,0034,8,28,,0,0
1942,Area-C,,382,0034,8,23,,0,0
1943,Area-C,,358,0024,5,45,,0,0
1944,Area-C,,387,0022,8,104,0,0,0
1945,Area-C,,329,0023,5,50,,0,0
1946,Area-C,,333,0023,5,72,,0,0
1947,Area-C,,339,0022,8,105,0,0,0
1948,Area-C,,325,0023,5,51,,0,0
1949,Area-C,,341,0033,8,16,,0,0
1950,Area-C,,348,0034,8,37,,0,0
1951,Area-C,,392,0033,8,49,,0,0
1952,Area-C,,356,0024,5,47,,0,0
1953,Area-C,,345,0034,8,31,,0,0
1954,Area-C,,376,0033,8,38,,0,0
1955,Area-C,,377,0023,5,52,,0,0
1956,Area-C,,390,0033,8,41,,0,0
1957,Area-C,,353,0033,8,31,,0,0
1958,Area-C,,398,0033,8,53,,0,0
1959,Area-C,,349,0033,8,20,,0,0
1960,Area-C,,351,0033,8,26,,0,0
1961,Area-C,,355,0023,5,75,,0,0
1962,Area-C,,411,0034,8,9,,0,0
1963,Area-C,,412,0023,5,53,,0,0
1964,Area-C,,413,0023,5,81,,0,0
1965,Area-C,,414,0023,5,54,,0,0
1966,Area-C,,420,0024,5,51,,0,0
1967,Area-C,,418,0024,5,52,,0,0
1968,Area-C,,416,0033,8,10,,0,0
1969,Area-C,,417,0033,8,75,,0,0
1970,Area-C,,419,0023,5,56,,0,0
1971,Area-C,,407,0022,8,117,0,0,0
1972,Area-C,,403,0022,8,118,0,0,0
1973,Area-C,,405,0033,8,58,,0,0
1974,Area-4,&nbsp;,408,0034,8,54,0,0,0
1975,Area-C,,406,0022,8,121,0,0,0
1976,Area-C,,401,0024,5,53,,0,0
1977,Area-C,,97,0021,7,117,0,0,0
1978,Area-C,,99,0019,7,134,0,0,0
1979,Area-C,,227,0019,7,135,0,0,0
1980,Area-C,,93,0021,7,118,0,0,0
1981,Area-C,,128,0019,7,136,0,0,0
1982,Area-C,,121,0020,7,53,0,0,0
1983,Area-C,,118,0021,7,119,0,0,0
1984,Area-C,,214,0021,7,120,0,0,0
1985,Area-C,,193,0019,7,137,0,0,0
1986,Area-C,,110,0019,7,138,0,0,0
1987,Area-C,,187,0020,7,54,0,0,0
1988,Area-C,,185,0019,7,139,0,0,0
1989,Area-C,,183,0020,7,55,0,0,0
1990,Area-C,,213,0020,7,56,0,0,0
1991,Area-C,,216,0021,7,121,0,0,0
1992,Area-C,,178,0021,7,122,0,0,0
1993,Area-C,,174,0019,7,140,0,0,0
1994,Area-C,,170,0021,7,123,0,0,0
1995,Area-1,,167,0020,7,57,0,0,0
1996,Area-2,,167,0020,7,58,0,0,0
1997,Area-3,,167,0020,7,59,0,0,0
1998,Area-4,,167,0020,7,60,0,0,0
1999,Area-5,,167,0020,7,61,0,0,0
2000,Area-C,,167,0020,7,62,0,0,0
2001,Area-C,,210,0020,7,63,0,0,0
2002,Area-C,,163,0019,7,141,0,0,0
2003,Area-C,,160,0021,7,124,0,0,0
2004,Area-C,,207,0019,7,142,0,0,0
2005,Area-C,,157,0021,7,125,0,0,0
2006,Area-C,,153,0019,7,143,0,0,0
2007,Area-C,,150,0019,7,144,0,0,0
2008,Area-C,,148,0019,7,145,0,0,0
2009,Area-C,,143,0020,7,64,0,0,0
2010,Area-C,,131,0020,7,65,0,0,0
2011,Area-C,,201,0021,7,126,0,0,0
2012,Area-C,,197,0019,7,146,0,0,0
2013,Area-C,,81,0019,7,147,0,0,0
2014,Area-C,,18,0019,7,148,0,0,0
2015,Area-C,,20,0019,7,149,0,0,0
2016,Area-C,,22,0021,7,127,0,0,0
2017,Area-C,,25,0019,7,150,0,0,0
2018,Area-C,,27,0021,7,128,0,0,0
2019,Area-C,,29,0021,7,129,0,0,0
2020,Area-C,,31,0020,7,66,0,0,0
2021,Area-C,,33,0021,7,130,0,0,0
2022,Area-C,,36,0019,7,151,0,0,0
2023,Area-C,,43,0019,7,152,0,0,0
2024,Area-C,,47,0021,7,131,0,0,0
2025,Area-C,,49,0021,7,132,0,0,0
2026,Area-C,,52,0019,7,153,0,0,0
2027,Area-C,,54,0020,7,67,0,0,0
2028,Area-C,,58,0019,7,154,0,0,0
2029,Area-C,,61,0019,7,155,0,0,0
2030,Area-C,,76,0019,7,156,0,0,0
2031,Area-C,,62,0020,7,68,0,0,0
2032,Area-C,,66,0021,7,133,0,0,0
2033,Area-C,,68,0019,7,157,0,0,0
2034,Area-C,,72,0021,7,134,0,0,0
2035,Area-C,,73,0019,7,158,0,0,0
2036,Area-C,,244,0028,4,42,,0,0
2037,Area-C,Sub Facility Level-5,146,0006,6,91,,0,0
2038,Area-C (070603804),Sub Facility Level-4,202,0006,6,121,0,0,0
2039,Area-2,,239,0026,11,62,,0,0
2040,Area-C,,239,0026,11,63,,0,0
2041,Area-C,,240,0026,11,64,,0,0
2042,Area-C,,234,0025,9,97,0,0,0
2043,Area-C,,236,0025,9,98,0,0,0
2044,Area-C,,245,0025,9,99,0,0,0
2045,Area-C,,237,0026,11,65,,0,0
2046,Area-C,,230,0035,9,4,,0,0
2047,Area-C,,241,0027,11,108,,0,0
2048,Area-C,,243,0025,9,101,0,0,0
2049,Area-C,,246,0025,9,102,0,0,0
2050,Area-C,,248,0037,11,9,,0,0
2051,Area-C,,257,0027,11,110,,0,0
2052,Area-C,,260,0036,9,44,,0,0
2053,Area-C,,252,0026,11,66,,0,0
2054,Area-C,,250,0026,11,67,,0,0
2055,Area-C,,258,0037,11,18,,0,0
2056,Area-C,,301,0036,9,28,,0,0
2057,Area-C,,302,0025,9,104,0,0,0
2058,Area-C,,299,0027,11,113,,0,0
2059,Area-C,,295,0026,11,68,,0,0
2060,Area-C,,228,0011,10,15,,0,0
2061,Area-1,,264,0036,9,13,,0,0
2062,Area-2,,264,0036,9,14,,0,0
2063,Area-3,,264,0036,9,15,,0,0
2064,Area-4,,264,0036,9,16,,0,0
2065,Area-C,,264,0036,9,17,,0,0
2066,Area-C (070600503),Sub Facility Level-2,117,0018,6,43,0,0,0
2067,Area-C (070601101),Sub Facility Level-4,138,0018,6,28,0,0,0
2068,Area-2,,250,0026,11,69,,0,0
2069,Area-3,,250,0026,11,70,,0,0
2070,Area-4,,250,0026,11,71,,0,0
2071,Area-3,,243,0025,9,110,0,0,0
2072,Area-C,,251,0010,4,44,0,0,0
2073,Area-C,,259,0010,4,45,0,0,0
2074,Area-2,,278,0008,10,35,,0,0
2075,Area-3,,278,0008,10,36,,0,0
2076,Area-C,,278,0008,10,37,,0,0
2077,Area-C,,255,0012,4,83,0,0,0
2078,Area-C,,235,0028,4,22,,0,0
2079,Area-C,,268,0012,4,85,0,0,0
2080,Area-C,,242,0012,4,86,0,0,0
2081,Area-C,,256,0008,10,33,,0,0
2082,Area-C,,265,0011,10,16,,0,0
2083,Area-C,,262,0011,10,17,,0,0
2084,Area-C,,277,0028,4,49,,0,0
2085,Area-C,,253,0012,4,88,0,0,0
2086,Area-C,,249,0012,4,89,0,0,0
2087,Area-C,,232,0028,4,11,,0,0
2088,Area-C,,247,0028,4,46,,0,0
2089,Area-5,&nbsp;,233,0028,4,18,0,0,0
2090,Area-C,,238,0028,4,26,,0,0
2091,Area-C,,276,0011,10,18,,0,0
2092,Area-5,&nbsp;,284,0012,4,94,0,0,0
2093,Area-C,,285,0012,4,95,0,0,0
2094,Area-C,,286,0010,4,50,0,0,0
2095,Area-C,,287,0028,4,83,,0,0
2096,Area-C,,288,0010,4,51,0,0,0
2097,Area-C,,290,0012,4,97,0,0,0
2098,Area-C,,291,0008,10,48,,0,0
2099,Area-C,,294,0028,4,88,,0,0
2100,Area-C,,293,0010,4,65,,0,0
2101,Area-C,,292,0011,10,19,,0,0
2102,Area-C,,281,0010,4,53,0,0,0
2103,Area-C,,282,0028,4,69,,0,0
2104,Area-C,,283,0028,4,78,,0,0
2105,Area-C,,279,0012,4,102,0,0,0
2106,Area-C,,280,0028,4,56,,0,0
2107,Area-C,Sub Facility Level- 5,192,0014,5,38,,0,0
2108,Area-C,Sub Facility Level-C,205,0014,5,12,0,0,0
2109,Area-5,Sub Facility Level-5,211,0018,6,29,0,0,0
2110,Area-6,Sub Facility Level-6,211,0018,6,30,0,0,0
2111,Area-7,Sub Facility Level-7,211,0018,6,31,0,0,0
2112,Area-8,Sub Facility Level-8,211,0018,6,32,0,0,0
2113,Area-C (070602902),Sub Facility Level-C,211,0018,6,33,0,0,0
2114,Area-4,,238,0028,4,27,,0,0
2115,Area-5,,238,0028,4,28,,0,0
2116,Area-6,,238,0028,4,29,,0,0
2117,Area-7,,238,0028,4,30,,0,0
2118,Area-8,,238,0028,4,31,,0,0
2119,Area-6,,232,0028,4,12,,0,0
2120,Area-7,,232,0028,4,13,,0,0
2121,Area-C,Sub Facility Level-C,104,0006,6,75,,0,0
2122,Area-C,Sub Facility Level-C,114,0006,6,80,,0,0
2123,Area-C,Sub Facility Level-C,129,0006,6,86,,0,0
2124,Area-C (070600801),Sub Facility Level-C,133,0018,6,50,0,0,0
2125,Area-C,Health Facility Level-C,137,0018,6,34,0,0,0
2126,Area-C,Sub Facility Level-C,155,0006,6,94,,0,0
2127,Area-C,Sub Facility Level-C,161,0006,6,98,,0,0
2128,Area-C,Sub Facility Level-C,164,0006,6,103,,0,0
2129,Area-8,,244,0028,4,43,,0,0
2130,Area-3,,157,0021,7,135,0,0,0
2131,Area-4,,157,0021,7,136,0,0,0
2133,Area-7,,33,0021,7,137,0,0,0
2134,Area-8,,33,0021,7,138,0,0,0
2135,Area-9,,33,0021,7,139,0,0,0
2136,Area-C,Area-C,209,0014,5,13,0,0,0
2137,Area-C,,184,0018,6,57,,0,0
2138,Area-7,,326,0035,9,30,,0,0
2139,Area-8,,326,0035,9,31,,0,0
2140,Area-9,,326,0035,9,32,,0,0
2141,Area-10,,326,0035,9,33,,0,0
2142,Area-C,,326,0035,9,34,,0,0
2143,Area- C,,106,0006,6,31,,0,0
2144,Acrea - C,,98,0006,6,24,,0,0
2146,Area-C (070604605),&nbsp;,23,0004,6,76,0,0,0
2147,Area - C,,108,0006,6,36,,0,0
2148,Area - C,,111,0004,6,77,,0,0
2149,Area - C,,127,0004,6,78,,0,0
2150,Area - C,,113,0006,6,41,,0,0
2151,Area - C,,115,0006,6,45,,0,0
2152,Area - C,,123,0004,6,79,,0,0
2153,Area-C (070607301),&nbsp;,130,0006,6,49,0,0,0
2154,Area-C (070607205),&nbsp;,132,0006,6,54,0,0,0
2155,Area - C,,135,0006,6,58,,0,0
2156,Area-C (070607603),&nbsp;,136,0004,6,80,0,0,0
2157,Area - C,,144,0006,6,63,,0,0
2158,Area - C,,85,0006,6,19,,0,0
2159,Area - C,,88,0004,6,81,,0,0
2160,Area - C,,91,0004,6,82,,0,0
2161,Area-C (070606103),&nbsp;,80,0004,6,83,0,0,0
2162,Area-C,&nbsp;,84,0004,6,84,0,0,0
2163,Area - C,,78,0004,6,85,,0,0
2164,Area-6,,167,0020,7,69,0,0,0
2165,Area-7,,167,0020,7,70,0,0,0
2166,Area-8,,167,0020,7,71,0,0,0
2167,Area-3,,93,0021,7,140,0,0,0
2168,Area-4,,93,0021,7,141,0,0,0
2169,Area-5,,93,0021,7,142,0,0,0
2170,AREA-C,,317,0011,10,60,,0,0
2171,Area-4,,243,0025,9,116,0,0,0
2172,Area-4,,230,0035,9,5,,0,0
2173,Area-7 (070607708),&nbsp;,111,0004,6,86,0,0,0
2174,Area-4 (070606205),&nbsp;,84,0004,6,87,0,0,0
2175,Area-5 (070606203),&nbsp;,84,0004,6,88,0,0,0
2176,Area-6 (070606206),&nbsp;,84,0004,6,89,0,0,0
2177,Area-7 (0706062040),&nbsp;,84,0004,6,90,0,0,0
2178,Area - 6,,422,0004,6,91,,0,0
2179,Area-8 (070607707),&nbsp;,111,0004,6,92,0,0,0
2180,Area - C,,422,0004,6,93,,0,0
2181,Area-C,,305,0026,11,72,,0,0
2182,Area-C,Sub Facility Level-5,175,0006,6,111,,0,0
2183,Area-C (070603005),Sub Facility Level-4,215,0006,6,125,0,0,0
2184,Area-C,,307,0037,11,33,,0,0
2185,Area-6,,411,0034,8,10,,0,0
2186,Area-7,,411,0034,8,11,,0,0
2187,Area-8,,411,0034,8,12,0,0,0
2188,Area-9,,411,0034,8,13,0,0,0
2189,Area-C,,395,0009,10,22,,0,0
2190,Area-4,,403,0022,8,122,0,0,0
2191,Area-6,,388,0034,8,47,,0,0
2192,area-c,,322,0039,3,8,,0,0
2193,Area-C,,337,0007,3,115,0,0,0
2194,Area-C,,354,0008,10,22,,0,0
2195,Area-C,,328,0008,10,23,,0,0
2196,Area-C,,231,0035,9,8,,0,0
2197,Area-2,,257,0027,11,115,,0,0
2198,Area-3,,257,0027,11,116,,0,0
2199,Area-4,,257,0027,11,117,,0,0
2200,Area-5,,257,0027,11,118,,0,0
2201,Area-5,,266,0027,11,119,,0,0
2202,Area-4,,266,0027,11,120,,0,0
2203,Area-C,,266,0027,11,121,,0,0
2204,Area-2,,274,0011,10,30,,0,0
2205,Area-3,,274,0011,10,31,,0,0
2206,Area-C,,359,0007,3,45,0,0,0
2207,Area-C,,340,0038,3,4,,0,0
2208,Area-C,,332,0008,10,54,,0,0
2209,Area-C,,327,0009,10,46,,0,0
2210,Area-C,,312,0011,10,56,,0,0
2211,Area-C,,320,0009,10,48,,0,0
2212,Area-C,,318,0009,10,49,,0,0
2213,Area-C,,342,0008,10,57,,0,0
2214,Area-C,,344,0039,3,18,,0,0
2215,Area-C,,324,0038,3,16,,0,0
2216,Area-C,,352,0008,10,24,,0,0
2217,Area-C,,350,0011,10,63,,0,0
2218,Area-C,,346,0039,3,21,,0,0
2219,Area-4,,237,0026,11,73,,0,0
2220,Area-c,,380,0007,3,121,0,0,0
2221,Area-2,,227,0019,7,159,0,0,0
2222,Area-3,,227,0019,7,160,0,0,0
2223,Area-6,,263,0027,11,122,,0,0
2224,Area-C,,263,0027,11,123,,0,0
2225,Area-9,,382,0034,8,24,,0,0
2226,Area-10,,382,0034,8,25,,0,0
2227,Area-C,,384,0011,10,71,,0,0
2228,Area-4,,384,0011,10,72,,0,0
2229,Area-5,,384,0011,10,73,,0,0
2230,Area-C,Area-C,208,0018,6,35,10000011,0,0
2231,Area-C,Area-C,199,0018,6,36,0,0,0
2232,Area-C (070602403),Area-C,195,0018,6,62,0,0,0
2233,Area-C,Area-C,180,0006,6,117,,0,0
2234,Area-3,,241,0027,11,124,,0,0
2235,Area-4,,241,0027,11,125,,0,0
2236,Area-5,,270,0035,9,14,,0,0
2237,Area-6,,270,0035,9,15,,0,0
2238,Area-C,,270,0035,9,16,,0,0
2239,Area-2,,277,0028,4,50,,0,0
2240,Area-3,,277,0028,4,51,,0,0
2241,Area-5,,249,0012,4,114,0,0,0
2242,Area-C,,368,0039,3,43,,0,0
2243,Area-9,,193,0019,7,161,0,0,0
2244,Area-10,,193,0019,7,162,0,0,0
2245,Area-11,,193,0019,7,163,0,0,0
2246,Area-12,,193,0019,7,164,0,0,0
2247,Area-5,,267,0027,11,126,,0,0
2248,Area-C,,267,0027,11,127,,0,0
2249,Area-C,,379,0011,10,95,,0,0
2250,AREA-C,,424,0007,3,123,0,0,0
2251,AREA-1,,424,0007,3,124,0,0,0
2252,Area-C,Sub Facility Level-C,212,0014,5,18,,0,0
2253,Area-3,,303,0026,11,74,,0,0
2254,Area-4,,303,0026,11,75,,0,0
2255,Area-C,,303,0026,11,76,,0,0
2256,Area-6,,131,0020,7,72,0,0,0
2257,Area-7,,131,0020,7,73,0,0,0
2258,Area-C,,370,0007,3,125,0,0,0
2259,Area-C,,361,0011,10,67,,0,0
2260,Area-C,,362,0039,3,81,,0,0
2261,Area-C,,378,0007,3,126,0,0,0
2262,Area-C,,372,0039,3,49,,0,0
2263,Area-C,,371,0039,3,46,,0,0
2264,Area-C,,374,0008,10,60,,0,0
2265,Area-C,,364,0039,3,24,,0,0
2266,Area-C,,369,0038,3,25,,0,0
2267,Area-C,,363,0038,3,22,,0,0
2268,Area-C,,373,0039,3,54,,0,0
2269,Area-C,,375,0039,3,59,,0,0
2270,Area-C,,365,0039,3,28,,0,0
2271,Area-C,,366,0039,3,32,,0,0
2272,Area-C,,367,0039,3,38,,0,0
2273,Area-2,,312,0011,10,57,,0,0
2274,Area-3,,312,0011,10,58,,0,0
2275,Area-2,,306,0036,9,30,,0,0
2276,Area-3,,306,0036,9,31,,0,0
2277,Area-4,,306,0036,9,32,,0,0
2278,Area-5,,306,0036,9,33,,0,0
2279,Area-6,,306,0036,9,34,,0,0
2280,Area-C,,306,0036,9,35,,0,0
2281,Area-5,,271,0036,9,22,,0,0
2282,Area-C,,271,0036,9,23,,0,0
2283,Area- C,,217,0003,2,310,,0,0
2284,Area-3,,103,0030,1,33,,0,0
2285,Area-4,,103,0030,1,34,,0,0
2286,Area-5,,103,0030,1,35,,0,0
2287,Area- C,,103,0030,1,36,,0,0
2288,Area-3,,269,0027,11,128,,0,0
2289,Area-4,,269,0027,11,129,,0,0
2290,Area-5,,269,0027,11,130,,0,0
2291,Area-C,,269,0027,11,131,,0,0
2292,Area-6,,273,0027,11,132,,0,0
2293,Area-1,,425,0039,3,75,,0,0
2294,Area-2,,425,0039,3,76,,0,0
2295,Area-C,,425,0039,3,77,,0,0
2296,Area-4,,310,0025,9,130,0,0,0
2297,Area-4,,330,0026,11,77,,0,0
2298,Area-5,,330,0026,11,78,,0,0
2299,Area-C,,402,0038,3,46,,0,0
2300,Area-C,,383,0038,3,36,,0,0
2301,Area-10,,411,0034,8,14,,0,0
2302,Area-3,,373,0039,3,55,,0,0
2303,Area-4,,373,0039,3,56,,0,0
2304,Area-1,&nbsp;,426,0033,8,76,0,0,0
2305,Area-2,&nbsp;,426,0033,8,77,0,0,0
2306,Area-1,,427,0035,9,35,,0,0
2307,Area-C,,427,0035,9,36,,0,0
2308,Area-9,,238,0028,4,32,,0,0
2309,Area-10,,238,0028,4,33,,0,0
2310,Area-11,,238,0028,4,34,,0,0
2311,Area-3,,231,0035,9,9,,0,0
2312,Area-2,,427,0035,9,37,,0,0
2313,Area-3,,427,0035,9,38,,0,0
2314,Area-3,,52,0019,7,165,10000012,0,0
2315,Area-4,,52,0019,7,166,10000012,0,0
2316,Area-4,,277,0028,4,52,,0,0
2317,Area-5,,277,0028,4,53,,0,0
2318,Area-6,,277,0028,4,54,,0,0
2319,Area-8,,392,0033,8,50,,0,0
2320,Area-9,,392,0033,8,51,,0,0
2321,Area-5,,112,0030,1,57,,0,0
2322,Area-5,,9,0019,7,167,0,0,0
2323,Area-2,,279,0012,4,121,0,0,0
2324,Area-2,,280,0028,4,57,,0,0
2325,Area-3,,280,0028,4,58,,0,0
2326,Area-4,,286,0010,4,56,0,0,0
2327,Area-5,,286,0010,4,57,0,0,0
2328,Area-1,,430,0022,8,128,0,0,0
2329,Area-2,,430,0022,8,129,0,0,0
2330,Area-1,,431,0023,5,59,,0,0
2331,Area-2,,431,0023,5,60,,0,0
2332,Area-5,,52,0019,7,168,0,0,0
2333,Area-2,,314,0027,11,133,,0,0
2334,Area-3,,314,0027,11,134,,0,0
2335,Area-1,,194,0030,1,119,,0,0
2336,Area-2,,194,0030,1,120,,0,0
2337,Area-3,,194,0030,1,121,,0,0
2338,Area-4,,194,0030,1,122,,0,0
2339,Area-5,,194,0030,1,123,,0,0
2340,Area-6,,194,0030,1,124,,0,0
2341,Area-C,,194,0030,1,125,,0,0
2342,Area-1,,429,0001,2,309,,0,0
2343,Area-1,,432,0001,2,310,,0,0
2344,Area-4,,394,0038,3,40,,0,0
2345,Area-5,,394,0038,3,41,,0,0
2346,Area-C,,394,0038,3,42,,0,0
2347,Area-C,,315,0027,11,135,,0,0
2348,Area-4 (070601005),&nbsp;,137,0018,6,37,0,0,0
2349,Area-5 (070601003),&nbsp;,137,0018,6,38,0,0,0
2350,Area-5,,287,0028,4,84,,0,0
2351,Area-3,,68,0019,7,169,0,0,0
2352,Area-3,,365,0039,3,29,,0,0
2353,Area-3,,364,0039,3,25,,0,0
2354,Area-3,,162,0002,1,349,,0,0
2355,Area-C,,162,0002,1,350,,0,0
2356,Area-4,,280,0028,4,59,,0,0
2357,Area-5,,280,0028,4,60,,0,0
2358,Area-c,,112,0030,1,58,,0,0
2359,Area-6,,103,0030,1,37,,0,0
2360,Area-5,,105,0030,1,42,,0,0
2361,Area-6,,105,0030,1,43,,0,0
2362,Area-7,,149,0031,2,68,,0,0
2363,Area-2,,354,0008,10,26,,0,0
2364,Area-C,,399,0011,10,77,,0,0
2365,Area-C,,393,0007,3,150,0,0,0
2366,Area-4,,340,0038,3,5,,0,0
2367,Area-5,,340,0038,3,6,,0,0
2368,Area-2 (070605402),&nbsp;,60,0006,6,15,0,0,0
2369,Area-5,,237,0026,11,79,,0,0
2370,Area-6,,237,0026,11,80,,0,0
2371,Area-C,,319,0026,11,81,,0,0
2372,Area-1,,445,0028,4,90,,0,0
2373,Area-2,,445,0028,4,91,,0,0
2374,Area-3,,445,0028,4,92,,0,0
2375,Area-2,,324,0038,3,17,,0,0
2376,Area-3,,324,0038,3,18,,0,0
2377,Area-4,,324,0038,3,19,,0,0
2378,Area-1,,457,0021,7,143,0,0,0
2379,Area-2,,457,0021,7,144,0,0,0
2380,Area-3,,457,0021,7,145,0,0,0
2381,Area-4,,457,0021,7,146,0,0,0
2382,Area-5,,457,0021,7,147,0,0,0
2383,Area-4,,159,0003,2,313,,0,0
2384,Area-3,,370,0007,3,154,0,0,0
2385,Area-4,,370,0007,3,155,0,0,0
2386,Area-3,,297,0038,3,12,,0,0
2387,Area-4,,297,0038,3,13,,0,0
2388,Area-4,,380,0007,3,158,0,0,0
2389,Area-5,,380,0007,3,159,0,0,0
2390,Area-6,,380,0007,3,160,0,0,0
2391,Area-4,,109,0030,1,51,,0,0
2392,Area-5,,297,0038,3,14,,0,0
2393,Area-C,,381,0039,3,74,,0,0
2394,Area-5,,397,0009,10,61,,0,0
2395,Area-1,,464,0030,1,136,,0,0
2396,Area-2,,464,0030,1,137,,0,0
2397,Area-3,,464,0030,1,138,,0,0
2398,Area-4,,464,0030,1,139,,0,0
2399,Area-5,,464,0030,1,140,,0,0
2400,Area-9,,244,0028,4,44,,0,0
2401,Area-6,,51,0001,2,312,,0,0
2402,Area-6,,457,0021,7,148,0,0,0
2403,Area-6,,99,0019,7,170,0,0,0
2404,Area-3,,366,0039,3,33,,0,0
2405,Area-3,,378,0007,3,164,0,0,0
2406,Area-C,,400,0007,3,165,0,0,0
2407,Area-C,,397,0009,10,62,,0,0
2408,Area-3,,387,0022,8,130,0,0,0
2409,Area-6,,9,0019,7,171,0,0,0
2410,Area-7,,457,0021,7,149,0,0,0
2411,Area-8,,457,0021,7,150,0,0,0
2412,Area-3,,430,0022,8,131,0,0,0
2413,Area-C,,430,0022,8,132,0,0,0
2414,Area-3,,431,0023,5,61,,0,0
2415,Area-C,,431,0023,5,62,,0,0
2416,Area-4,,268,0012,4,131,0,0,0
2417,Area-4 (070603004),Sub Facility Level-5,215,0006,6,126,0,0,0
2418,Area-3,,279,0012,4,132,0,0,0
2419,Area-1,,474,0033,8,83,,0,0
2420,Area-2,,474,0033,8,84,,0,0
2421,Area-3,,474,0033,8,85,,0,0
2422,Area-C,,474,0033,8,86,,0,0
2423,Area-1,,475,0023,5,63,,0,0
2424,Area-2,,475,0023,5,64,,0,0
2425,Area-3,,475,0023,5,65,,0,0
2426,Area-4,,475,0023,5,66,,0,0
2427,Area-C,,475,0023,5,67,,0,0
2428,Area-5,,157,0021,7,151,0,0,0
2429,Area-6,,249,0012,4,133,0,0,0
2430,Area-7,,249,0012,4,134,0,0,0
2431,Area-3,,407,0022,8,137,0,0,0
2432,Area-1,,476,0012,4,135,0,0,0
2433,Area-2,,476,0012,4,136,0,0,0
2434,Area-3,,476,0012,4,137,0,0,0
2435,Area-4,,476,0012,4,138,0,0,0
2436,Area-5,,476,0012,4,139,0,0,0
2437,Area-C,,476,0012,4,140,0,0,0
2438,Area-4,,22,0021,7,152,0,0,0
2439,Area-5,,22,0021,7,153,0,0,0
2440,Area-1,,471,0019,7,172,0,0,0
2441,Area-2,,471,0019,7,173,0,0,0
2442,Area-3,,471,0019,7,174,0,0,0
2443,Area-4,,471,0019,7,175,0,0,0
2444,Area-C,,471,0019,7,176,0,0,0
2445,Area-2,,69,0002,1,330,0,0,0
2446,Area-5,,109,0030,1,52,,0,0
2447,Area-3,,372,0039,3,50,,0,0
2448,Area-4,,372,0039,3,51,,0,0
2449,Area-9,,167,0020,7,74,0,0,0
2450,Area-10,,167,0020,7,75,0,0,0
2451,Area-5,,25,0019,7,177,0,0,0
2452,Area-7,,9,0019,7,178,0,0,0
2453,Area-3,,69,0002,1,332,0,0,0
2454,Area-5,,318,0009,10,63,,0,0
2455,Area-2,,255,0012,4,141,0,0,0
2456,Area-1,,472,0021,7,154,0,0,0
2457,Area-2,,472,0021,7,155,0,0,0
2458,Area-4,&nbsp;,472,0021,7,156,0,0,0
2459,Area-3,,472,0021,7,157,0,0,0
2460,Area-3,,255,0012,4,142,0,0,0
2461,Area-3,,47,0021,7,158,0,0,0
2462,Area-4,,68,0019,7,179,0,0,0
2463,Area-6,,97,0021,7,159,0,0,0
2464,Area-5,,359,0007,3,168,0,0,0
2465,Area-6,,359,0007,3,169,0,0,0
2466,Area-3,,4,0002,1,333,0,0,0
2467,Area-7,,176,0030,1,94,,0,0
2468,Area-8,,176,0030,1,95,,0,0
2469,Area-3,,425,0039,3,78,,0,0
2470,Area-1,,479,0022,8,138,0,0,0
2471,Area-2,,479,0022,8,139,0,0,0
2472,Area-2,,385,0023,5,68,,0,0
2473,Area-3,,385,0023,5,69,,0,0
2474,Area-4,,385,0023,5,70,,0,0
2475,Area-4,,294,0028,4,89,,0,0
2476,Area-4 (070606004),&nbsp;,78,0004,6,94,0,0,0
2477,Area-5,,88,0004,6,95,,0,0
2478,Area-3,,284,0012,4,144,0,0,0
2479,Area-3,,369,0038,3,26,,0,0
2480,Area-1,,484,0011,10,20,,0,0
2481,Area-1,,480,0028,4,1,0,0,0
2482,Area-1,,481,0010,4,58,0,0,0
2483,Area-1,,482,0021,7,160,,0,0
2484,Area-1,,478,0029,1,39,,0,0
2485,Area-1,,483,0039,3,1,0,0,0
2486,Area-2,,480,0028,4,2,0,0,0
2487,Area-3,,480,0028,4,3,0,0,0
2488,Area-4,,480,0028,4,4,0,0,0
2489,Area-C,,480,0028,4,5,0,0,0
2490,Area-1,,485,0037,11,54,,0,0
2491,Area-2,,485,0037,11,55,,0,0
2492,Area-3,,485,0037,11,56,,0,0
2493,Area-4,,485,0037,11,57,,0,0
2494,Area-1,,486,0027,11,140,,0,0
2495,Area-2,,486,0027,11,141,,0,0
2496,Area-3,,486,0027,11,142,,0,0
2497,Area-4,,486,0027,11,143,,0,0
2498,Area-1,,487,0027,11,144,,0,0
2499,Area-2,,487,0027,11,145,,0,0
2500,Area-4,&nbsp;,284,0012,4,145,0,0,0
2501,Area-3,,375,0039,3,60,,0,0
2502,Area-3,,487,0027,11,146,,0,0
2503,Area-5,&nbsp;,488,0037,11,58,0,0,0
2504,Area-6,&nbsp;,488,0037,11,59,0,0,0
2505,Area-7,&nbsp;,488,0037,11,60,0,0,0
2506,Area-8,&nbsp;,488,0037,11,61,0,0,0
2507,Area-1,,489,0014,5,24,,0,0
2508,Area-2,,489,0014,5,25,,0,0
2509,Area-2,,247,0028,4,47,,0,0
2510,Area-2,,386,0023,5,82,0,0,0
2511,Area-3,,386,0023,5,83,0,0,0
2512,Area-4,,386,0023,5,84,0,0,0
2513,Area-5,,386,0023,5,85,0,0,0
2514,Area-C,,2,0002,1,352,0,0,0
2515,Area-4,,285,0012,4,147,0,0,0
2516,Area-5,,285,0012,4,148,0,0,0
2517,Area-5,,65,0003,2,314,0,0,0
2518,Area-5,,159,0003,2,315,0,0,0
2519,Area-6,,159,0003,2,316,0,0,0
2520,Area-4,&nbsp;,55,0031,2,69,0,0,0
2521,Area-5,,55,0031,2,70,0,0,0
2522,Area-8,,149,0031,2,71,0,0,0
2523,Area-5,,224,0001,2,314,0,0,0
2524,Area-3,,71,0003,2,317,0,0,0
2525,Area-4,,71,0003,2,318,0,0,0
2526,Area-5,,71,0003,2,319,0,0,0
2527,Area-2,,481,0010,4,66,0,0,0
2528,Area-3,,247,0028,4,94,0,0,0
2529,Area-3,,84,0004,6,96,0,0,0
2530,Area-9,&nbsp;,111,0004,6,97,0,0,0
2531,Area-2,,177,0030,1,146,0,0,0
2532,Area-2,&nbsp;,490,0024,5,60,0,0,0
2533,Area-2 (070605703),&nbsp;,67,0006,6,132,0,0,0
2534,Area-6,,65,0003,2,320,0,0,0
2535,Area-7,,65,0003,2,321,0,0,0
2536,Area-9,,149,0031,2,72,0,0,0
2537,Area-C,,173,0003,2,322,0,0,0
2538,Area-4,,2,0002,1,353,0,0,0
2539,Area-5,,174,0019,7,180,0,0,0
2540,Area-7,,102,0001,2,315,0,0,0
2541,Area-C,,410,0008,10,65,0,0,0
2542,Area-C,&nbsp;,426,0033,8,91,0,0,0
2543,Area-5,,15,0030,1,147,0,0,0
2544,Area-C,,101,0030,1,148,0,0,0
2545,Area-C,,109,0030,1,149,0,0,0
2546,Area-6,,15,0030,1,150,0,0,0
2547,Area-4,,115,0006,6,133,0,0,0
2548,Area-5,,115,0006,6,134,0,0,0
2549,Area-3 (070605704),&nbsp;,67,0006,6,135,0,0,0
2550,Area-C,&nbsp;,284,0012,4,149,0,0,0
2551,Area-4,,38,0030,1,151,0,0,0
2552,Area-1,,493,0022,8,140,0,0,0
2553,Area-2,,493,0022,8,141,0,0,0
2554,Area-3,,493,0022,8,142,0,0,0
2555,Area-2,,482,0021,7,161,0,0,0
2556,Area-3,,482,0021,7,162,0,0,0
2557,Area-6,,101,0030,1,152,0,0,0
2558,Area-5,,486,0027,11,155,0,0,0
2559,Area-4,,227,0019,7,181,0,0,0
2560,Area-5,,250,0026,11,88,0,0,0
2561,Area-1,,495,0033,8,92,0,0,0
2562,Area-2,,495,0033,8,93,0,0,0
2563,Area-3,,495,0033,8,94,0,0,0
2564,Area-4,,495,0033,8,95,0,0,0
2565,Area-1,,496,0029,1,51,0,0,0
2566,Area-2,,496,0029,1,52,0,0,0
2567,Area-3,,496,0029,1,53,0,0,0
2568,Area-4,,496,0029,1,54,0,0,0
2569,Area-5,,496,0029,1,55,0,0,0
2570,Area-6,,496,0029,1,56,0,0,0
2571,Area-7,,210,0020,7,76,0,0,0
2572,Area-8,,210,0020,7,77,0,0,0
2573,Area-2 (070604902),&nbsp;,45,0004,6,98,0,0,0
2574,Area-6,,224,0001,2,316,0,0,0
2575,Area-5,,495,0033,8,96,0,0,0
2576,Area-4 (070603104),&nbsp;,221,0006,6,136,0,0,0
2577,Area-6,,233,0028,4,95,0,0,0
2578,Area-7,,233,0028,4,96,0,0,0
2579,Area-8,,233,0028,4,97,0,0,0
2580,Area-2,,19,0004,6,99,0,0,0
2581,Area-3 (070604903),&nbsp;,45,0004,6,100,0,0,0
2582,Area-5 (070608203),&nbsp;,144,0006,6,137,0,0,0
2583,Area-2,,377,0023,5,86,0,0,0
2584,Area-3,,377,0023,5,87,0,0,0
2585,Area-3,,490,0024,5,62,0,0,0
2586,Area-C,,490,0024,5,63,0,0,0
2587,Area-4 (070604205),,203,0018,6,67,0,0,0
2588,Area-4,,430,0022,8,143,0,0,0
2589,Area-5,,430,0022,8,144,0,0,0
2590,Area-6,,430,0022,8,145,0,0,0
2591,Area-7,,430,0022,8,146,0,0,0
2592,Area-8,,430,0022,8,147,0,0,0
2593,Area-9,,430,0022,8,148,0,0,0
2594,Area-3,,479,0022,8,149,0,0,0
2595,Area-1,,497,0034,8,55,0,0,0
2596,Area-2,,497,0034,8,56,0,0,0
2597,Area-1,,498,0023,5,88,0,0,0
2598,Area-1,,499,0026,11,89,0,0,0
