SVID,Name_E,Name_G,TCode,DCode,VCode,MDDS_Code
10000000,Do not delete it,Do not delete it,0,0,0,
10000001,shivpur,shivpur,0303,69,105871,212809
10000002,Mahmood pur,Mahmood pur,0310,72,17383,
10000003,Gadibhadurpur,,0009,2,2289,111138
10000004,Dulhera,Dulhera,0009,2,2275,111131
10000005,Gadibhadurpur,Gadibhadurpur,0009,2,2274,111130
10000006,Titihiriyapur,Titihiriyapur,0009,2,53859,111120
10000007,Chandpur,Chandpur,0009,2,2276,111132
10000008,Shadruddinnagar,Shadruddinnagar,0009,2,2292,111141
10000009,Mundbhar,Mundbhar,0009,2,2249,111105
10000010,Bhourakhurd,Bhourakhurd,0009,2,2209,111065
10000011,Kherisudiyan,Kherisudiyan,0009,2,2274,111130
10000012,Nizampur,Nizampur,0009,2,2276,111132
10000013,Basudhada,Basudhada,0009,2,2264,111120
10000014,Khubbapur,Khubbapur,0009,2,2292,111141
10000015,Dabal,Dabal,0009,2,2289,111138
10000016,Hazoornagar,Hazoornagar,0009,2,2292,111141
10000017,inchoda,inchoda,0009,2,2242,111098
10000018,Kitas,Kitas,0009,2,2264,111120
10000019,shahjuddi,shahjuddi,0009,2,2289,111138
10000020,Nehru Nagar,,0156,36,45093,152198
10000021,Bhagoniya,Bhagoniya,0156,36,45011,152122
10000022,Azad Nagar,Azad Nagar,0156,36,44991,152106
10000023,SDM Colony,SDM Colony,0156,36,44991,152106
10000024,Apo Ka Nala,Apo Ka Nala,0156,36,44991,152106
10000025,Dhingpura,Dhingpura,0156,36,44931,152053
10000026,Kula,Kula,0156,36,45032,152141
10000027,Jhansi Sarai,Jhansi Sarai,0156,36,44980,152098
10000028,Ganeshpura,Ganeshpura,0156,36,44985,152101
10000029,Ujyarpura,Ujyarpura,0156,36,44949,152070
10000030,Saya Dasna,Saya Dasna,0156,36,45078,152183
10000031,Maharajpura,Maharajpura,0160,36,45740,152772
10000032,Tarpatha,,0160,36,45740,152772
10000033,Hardaulpura,Hardaulpura,0160,36,45740,152772
10000034,Parichha Tharmal,Parichha Tharmal,0160,36,45740,152772
10000035,,,0160,36,0,
10000036,Railway Colony,Railway Colony,0160,36,45740,152772
10000037,barata ghat,barata ghat,0160,36,45740,152772
10000038,Parichha Gaon,Parichha Gaon,0160,36,45740,152772
10000039,Parichha Gaon,Parichha Gaon,0160,36,45740,152772
10000040,police chouki,police chouki,0160,36,45740,152772
10000041,Baruasagar,Baruasagar,0160,36,45868,152861
10000042,Baruasagar,Baruasagar,0160,36,45868,152861
10000043,Baruasagar,Baruasagar,0160,36,45868,152861
10000044,Milan,Milan,0160,36,45868,152861
10000045,Kuryana,Kuryana,0160,36,45868,152861
10000046,Bazar,Bazar,0160,36,45868,152861
10000047,Khatakyana,Khatakyana,0160,36,45868,152861
10000048,Tiletha Chota,Tiletha Chota,0160,36,45868,152861
10000049,Tiletha Bara,Tiletha Bara,0160,36,45868,152861
10000050,Tiletha Bara,Tiletha Bara,0160,36,45868,152861
10000051,Matwana,Matwana,0160,36,45868,152861
10000052,Matwana,Matwana,0160,36,45868,152861
10000053,Nai basti,Nai basti,0160,36,45868,152861
10000054,A.K.Toriya,A.K.Toriya,0160,36,45868,152861
10000055,L.K.toriya (Matvana),L.K.toriya (Matvana),0160,36,45868,152861
10000056,BanGaon Bada,BanGaon Bada,0160,36,45868,152861
10000057,Gadharriya khirak,Gadharriya khirak,0160,36,45868,152861
10000058,Mavai,Mavai,0160,36,45868,152861
10000059,Konchha Bhawar,Konchha Bhawar,0160,36,45868,152861
10000060,Shankargarh,Shankargarh,0160,36,45868,152861
10000061,Tankori,Tankori,0160,36,45868,152861
10000062,Gandhinagar,Gandhinagar,0160,36,45868,152861
10000063,Pritampur,Pritampur,0160,36,45868,152861
10000064,Gopalpura,Gopalpura,0160,36,45868,152861
10000065,Data Nagar,Data Nagar,0160,36,45868,152861
10000066,prem ka dera,prem ka dera,0160,36,45868,152861
10000067,pal colony,pal colony,0160,36,45868,152861
10000068,hastinapur,hastinapur,0160,36,45868,152861
10000069,rudhra karari,rudhra karari,0160,36,45868,152861
10000070,Buddha,Buddha,0160,36,45868,152861
10000071,nagariya kua,nagariya kua,0160,36,45868,152861
10000072,KESHAVPUR,KESHAVPUR,0160,36,61547,152861
10000073,Bhattagaon,Bhattagaon,0160,36,45868,152861
10000074,Singarra,Singarra,0160,36,45868,152861
10000075,Bhimnagar,Bhimnagar,0160,36,45868,152861
10000076,Karguan,Karguan,0160,36,45868,152861
10000077,Pichhor,Pichhor,0160,36,45868,152861
10000078,Dhavari,Dhavari,0157,36,45332,152398
10000079,Lohargaon,Lohargaon,0157,36,45332,152398
10000080,Lohargaon,Lohargaon,0157,36,45332,152398
10000081,Banka Pahari,Banka Pahari,0157,36,45332,152398
10000082,Atrauli,Atrauli,0157,36,45332,152398
10000083,Ghari kargaon,Ghari kargaon,0157,36,45332,152398
10000084,Semari Kachhiyan,Semari Kachhiyan,0157,36,45332,152398
10000085,Rajwara,Rajwara,0157,36,45332,152398
10000086,Mavae,Mavae,0160,36,45723,152764
10000087,Mavae,Mavae,0157,36,45332,152398
10000088,Mazara,Mazara,0157,36,45332,152398
10000089,Tendua,Tendua,0157,36,45332,152398
10000090,Vikarmpura,Vikarmpura,0157,36,45332,152398
10000091,Badaganj,Badaganj,0157,36,45332,152398
10000092,Badaganj,Badaganj,0157,36,45332,152398
10000093,Khadiya,Khadiya,0157,36,45332,152398
10000094,Khushipura,Khushipura,0157,36,45332,152398
10000095,Badwar,Badwar,0157,36,45332,152398
10000096,Dabar,Dabar,0157,36,45332,152398
10000097,Birsingpura,Birsingpura,0157,36,45332,152398
10000098,Bagrauni,Bagrauni,0157,36,45332,152398
10000099,Gorpura,Gorpura,0157,36,45332,152398
10000100,Parsaura,Parsaura,0157,36,45332,152398
10000101,Virauna,Virauna,0157,36,45332,152398
10000102,Khadaura,Khadaura,0157,36,45332,152398
10000103,Khadaura,Khadaura,0157,36,45332,152398
10000104,Jalalpura,Jalalpura,0157,36,45332,152398
10000105,Mathaniya,Mathaniya,0157,36,45332,152398
10000106,Laxmanpura,Laxmanpura,0157,36,45332,152398
10000107,Sonakpura,Sonakpura,0157,36,45332,152398
10000108,Naya kuvan,Naya kuvan,0157,36,45332,152398
10000109,Imlautha,Imlautha,0157,36,45332,152398
10000110,Barautha,Barautha,0157,36,45332,152398
10000111,Arach chungi,Arach chungi,0157,36,45332,152398
10000112,New basti,New basti,0157,36,45332,152398
10000113,Modi chauraha,Modi chauraha,0157,36,45332,152398
10000114,Teacher colony,Teacher colony,0157,36,45269,152347
10000115,Bazar,Bazar,0157,36,45269,152347
10000116,Bazar,Bazar,0157,36,45269,152347
10000117,Vittora,Vittora,0157,36,45269,152347
10000118,Vittora,Vittora,0157,36,45269,152347
10000119,Vittora,Vittora,0157,36,45269,152347
10000120,Nunar,Nunar,0157,36,45269,152347
10000121,Gandhinagar,Gandhinagar,0157,36,45269,152347
10000122,Lodi,Lodi,0157,36,45269,152347
10000123,Naranpura,Naranpura,0157,36,45269,152347
10000124,Payaga,Payaga,0157,36,45269,152347
10000125,Parkota,Parkota,0157,36,45250,152328
10000126,Veerpura,Veerpura,0157,36,45196,152290
10000127,Machhali Kanch,Machhali Kanch,0157,36,45196,152290
10000128,New Basti,New Basti,0157,36,45196,152290
10000129,New Basti,New Basti,0157,36,45196,152290
10000130,Old Basti,Old Basti,0157,36,45196,152290
10000131,Dwarikapuri,Dwarikapuri,0157,36,45196,152290
10000132,Edi,Edi,0157,36,45196,152290
10000133,Atarsuan,Atarsuan,0157,36,45196,152290
10000134,Achausa,Achausa,0157,36,45196,152290
10000135,Achausa,Achausa,0157,36,45196,152290
10000136,Bainda,Bainda,0157,36,45196,152290
10000137,Surnae,Surnae,0157,36,45196,152290
10000138,Devara Khas,Devara Khas,0157,36,45196,152290
10000139,Devara Khas,Devara Khas,0157,36,45196,152290
10000140,Nibuja,Nibuja,0157,36,45196,152290
10000141,Khiriya Vat,Khiriya Vat,0157,36,45196,152290
10000142,Khidarpura,Khidarpura,0157,36,45196,152290
10000143,Fareeda,Fareeda,0157,36,45196,152290
10000144,Arach,Arach,0157,36,45196,152290
10000145,Dilawali,Dilawali,0156,36,45147,152247
10000146,Ravatpura,Ravatpura,0156,36,45016,152127
10000147,Sidhapura,Sidhapura,0156,36,45016,152127
10000148,Phulkhiriya,Phulkhiriya,0156,36,45147,152247
10000149,Rampura,Rampura,0156,36,45120,152221
10000150,Budhapura,Budhapura,0156,36,45120,152221
10000151,Kukarganv,Kukarganv,0156,36,45082,152187
10000152,Kalyanpura,Kalyanpura,0156,36,45120,152221
10000153,Shankar Garh,Shankar Garh,0156,36,45120,152221
10000154,Kalouthara,Kalouthara,0156,36,45120,152221
10000155,Chandavari,Chandavari,0156,36,45120,152221
10000156,Khoh,Khoh,0156,36,45120,152221
10000157,Berbai,Berbai,0156,36,45120,152221
10000158,Luhargaon,Luhargaon,0156,36,45120,152221
10000159,sultanpura,sultanpura,0156,36,45120,152221
10000160,bairisalpura,bairisalpura,0156,36,45120,152221
10000161,dhwara,dhwara,0156,36,45120,152221
10000162,bharuol,bharuol,0156,36,45120,152221
10000163,tajpura,tajpura,0156,36,45120,152221
10000164,parsha,parsha,0156,36,45120,152221
10000165,rora,rora,0156,36,45120,152221
10000166,bakyan,bakyan,0156,36,45120,152221
10000167,khadheshvar,khadheshvar,0156,36,45120,152221
10000168,phatehpura,phatehpura,0156,36,45120,152221
10000169,deigua,deigua,0156,36,45120,152221
10000170,Panchampura,Panchampura,0160,36,45860,152854
10000171,Majhapatiya,Majhapatiya,0160,36,45860,152854
10000172,Tarpatha,Tarpatha,0160,36,45860,152854
10000173,Bazar,Bazar,0160,36,45860,152854
10000174,Chandrapura, Bajrang,Chandrapura, Bajrang,0160,36,45860,152854
10000175,Hardaulpura, Malyana,Hardaulpura, Malyana,0160,36,45860,152854
10000176,Takiyapura,Takiyapura,0160,36,45860,152854
10000177,Vachawali,Vachawali,0160,36,45860,152854
10000178,Khandi,Khandi,0160,36,45860,152854
10000179,Khandi,Khandi,0160,36,45860,152854
10000180,Ghasarpura,Ghasarpura,0160,36,45860,152854
10000181,Sanoniya Fatak,Sanoniya Fatak,0160,36,45860,152854
10000182,Futera,Futera,0160,36,45860,152854
10000183,Nigona Khera,Nigona Khera,0160,36,45860,152854
10000184,Gomta Khirak,,0160,36,45860,152854
10000185,B.K.Toriya,B.K.Toriya,0160,36,45860,152854
10000186,Banguvan Chhota,Banguvan Chhota,0160,36,45860,152854
10000187,Banguvan Bada,Banguvan Bada,0160,36,45860,152854
10000188,Nahar Ka Khirak,Nahar Ka Khirak,0160,36,45860,152854
10000189,Gadharriya Khirak,Gadharriya Khirak,0160,36,45860,152854
10000190,bawal.Tada.Punchha,bawal.Tada.Punchha,0160,36,45860,152854
10000191,Mavai,Mavai,0160,36,45860,152854
10000192,Pali,Pali,0160,36,45860,152854
10000193,Toriapura,Toriapura,0160,36,45860,152854
10000194,Similaya,Similaya,0160,36,45860,152854
10000195,Dhimarpura,Dhimarpura,0160,36,45860,152854
10000196,Engg College,Engg College,0160,36,45860,152854
10000197,Kumhar Ka kuan,Kumhar Ka kuan,0160,36,45860,152854
10000198,Mathanpura,Mathanpura,0160,36,45860,152854
10000199,Bhattagaon,Bhattagaon,0160,36,45860,152854
10000200,Khirakpatti,Khirakpatti,0160,36,45860,152854
10000201,Simraha,Simraha,0160,36,45860,152854
10000202,Shri Nagar,Shri Nagar,0160,36,45860,152854
10000203,Meri,Meri,0160,36,45860,152854
10000204,Gumnawara,Gumnawara,0160,36,45860,152854
10000205,Raspahariya,Raspahariya,0159,36,45644,152685
10000206,Jalalpura,Jalalpura,0159,36,45644,152685
10000207,Maudehat,Maudehat,0159,36,45644,152685
10000208,Dhanai,Dhanai,0159,36,45577,152622
10000209,Nauta,Nauta,0160,36,45760,152783
10000210,Lathesara,Lathesara,0160,36,45870,152863
10000211,Dhandhri,Dhandhri,0160,36,45760,152783
10000212,Basar,Basar,0160,36,45760,152783
10000213,Dadpura,Dadpura,0160,36,45760,152783
10000214,Dakharyau,Dakharyau,0160,36,45760,152783
10000215,BagroniJagir,BagroniJagir,0160,36,45760,152783
10000216,Emalia,Emalia,0160,36,45760,152783
10000217,Katera First,Katera First,0160,36,45688,152731
10000218,Kador,Kador,0160,36,45792,152799
10000219,Masidan Sajera,Masidan Sajera,0160,36,45754,152781
10000220,Bagwari Pura,Bagwari Pura,0160,36,45761,152784
10000221,Ravan pura,Ravan pura,0160,36,45761,152784
10000222,Turyan,Turyan,0160,36,45829,152832
10000223,Turyan,Turyan,0160,36,45829,152832
10000224,Bakhatia,Bakhatia,0160,36,45792,152799
10000225,Katera Dehat,Katera Dehat,0160,36,45792,152799
10000226,Ladganj,Ladganj,0160,36,45792,152799
10000227,Mu. Ganj,Mu. Ganj,0160,36,45718,152759
10000228,Nai Basti,Nai Basti,0160,36,45820,152823
10000229,D.C. School Ranipur,D.C. School Ranipur,0160,36,45719,152760
10000230,Ranipur-ii,Ranipur-ii,0160,36,45699,152741
10000231,Khushipura,Khushipura,0160,36,45761,152784
10000232,Jhandapura,Jhandapura,0160,36,45761,152784
10000233,Ranipur Third,Ranipur Third,0160,36,45761,152784
10000234,Ranipur Third,Ranipur Third,0160,36,45761,152784
10000235,Vijarwara,Vijarwara,0160,36,45761,152784
10000236,Bitarwara,Bitarwara,0160,36,45761,152784
10000237,Kuagaon,Kuagaon,0160,36,45761,152784
10000238,Nauta,Nauta,0159,36,45665,152705
10000239,Khajraha,Khajraha,0159,36,45665,152705
10000240,Lathesara,Lathesara,0159,36,45665,152705
10000241,Dhandhri,Dhandhri,0159,36,45665,152705
10000242,Basar,Basar,0159,36,45665,152705
10000243,,,0159,36,0,
10000244,Dakharyau,Dakharyau,0159,36,45665,152705
10000245,BagroniJagir,BagroniJagir,0159,36,45665,152705
10000246,Emalia,Emalia,0159,36,45665,152705
10000247,Katera First,Katera First,0159,36,45665,152705
10000248,Kador,Kador,0159,36,45665,152705
10000249,Masidan Sajera,Masidan Sajera,0159,36,45665,152705
10000250,Bagwari Pura,Bagwari Pura,0159,36,45665,152705
10000251,Ravan pura,Ravan pura,0159,36,45665,152705
10000252,Turyan,Turyan,0159,36,45665,152705
10000253,Bakhatia,Bakhatia,0159,36,45665,152705
10000254,Katera Dehat,Katera Dehat,0159,36,45665,152705
10000255,Ladganj,Ladganj,0159,36,45665,152705
10000256,Mu. Ganj,Mu. Ganj,0159,36,45665,152705
10000257,Nai Basti,Nai Basti,0159,36,45665,152705
10000258,Ranipur-ii,Ranipur-ii,0159,36,45665,152705
10000259,Ranipur-ii,Ranipur-ii,0159,36,45665,152705
10000260,,,0159,36,0,
10000261,,,0159,36,0,
10000262,Jhandapura,Jhandapura,0159,36,45665,152705
10000263,Devari Mu.,Devari Mu.,0159,36,45665,152705
10000264,Ranipur Third,Ranipur Third,0159,36,45665,152705
10000265,Vijarwara,Vijarwara,0159,36,45665,152705
10000266,Bitarwara,Bitarwara,0159,36,45665,152705
10000267,Kuagaon,Kuagaon,0159,36,45665,152705
10000268,Dadpura,Dadpura,0159,36,45665,152705
10000269,Ranipur-i,Ranipur-i,0159,36,45665,152705
10000270,D.C. School Ranipur,D.C. School Ranipur,0159,36,45665,152705
10000271,Khushipura,Khushipura,0159,36,45665,152705
10000272,Sulta,Sulta,0157,36,45284,152359
10000273,Ajveri,Ajveri,0157,36,45284,152359
10000274,Madori,Madori,0157,36,45284,152359
10000275,Gadvae,Gadvae,0157,36,45284,152359
10000276,Kutari,Kutari,0157,36,45284,152359
10000277,Mo. Malheta,Mo. Malheta,0157,36,45284,152359
10000278,Bentar,Bentar,0157,36,45284,152359
10000279,Dhamnaud,Dhamnaud,0157,36,45284,152359
10000280,Heera Nagar,Heera Nagar,0157,36,45284,152359
10000281,Bechheh,Bechheh,0157,36,45284,152359
10000282,Adzara,Adzara,0157,36,45284,152359
10000283,Sarsenda,Sarsenda,0157,36,45284,152359
10000284,Seriya,Seriya,0157,36,45284,152359
10000285,Pathredi,Pathredi,0157,36,45284,152359
10000286,Karguvan Khurd,Karguvan Khurd,0157,36,45284,152359
10000287,Khiriya Vat,Khiriya Vat,0157,36,45284,152359
10000288,Samserpura,Samserpura,0157,36,45284,152359
10000289,Saitanpura,Saitanpura,0157,36,45284,152359
10000290,Khalar,Khalar,0157,36,45284,152359
10000291,Varampura,Varampura,0157,36,45284,152359
10000292,Jaunari,Jaunari,0157,36,45284,152359
10000293,Nekera,Nekera,0157,36,45284,152359
10000294,Gainda Kabula,Gainda Kabula,0157,36,45284,152359
10000295,Basari,Basari,0157,36,45284,152359
10000296,Semari Ahiran,Semari Ahiran,0157,36,45284,152359
10000297,Tahrauli kila,Tahrauli kila,0157,36,45284,152359
10000298,Tahrauli Khas,Tahrauli Khas,0157,36,45284,152359
10000299,Durwae,Durwae,0157,36,45284,152359
10000300,Gata Gundaha,Gata Gundaha,0157,36,45284,152359
10000301,Chharera,Chharera,0157,36,45284,152359
10000302,Gada,Gada,0157,36,45284,152359
10000303,Kutaura,Kutaura,0157,36,45284,152359
10000304,Turk Lahchura,Turk Lahchura,0157,36,45284,152359
10000305,Nazarganj,Nazarganj,0157,36,45284,152359
10000306,Lathwara,Lathwara,0157,36,45284,152359
10000307,Bela,Bela,0157,36,45284,152359
10000308,Bela,Bela,0157,36,45284,152359
10000309,Khalilpura,Khalilpura,0157,36,45284,152359
10000310,Gorpura,Gorpura,0157,36,45284,152359
10000311,Parsaura,Parsaura,0157,36,45284,152359
10000312,Virauna,Virauna,0157,36,45284,152359
10000313,Khadaura,Khadaura,0157,36,45284,152359
10000314,Jalalpura,Jalalpura,0157,36,45284,152359
10000315,Mathaniya,Mathaniya,0157,36,45284,152359
10000316,Evani 1,Evani 1,0157,36,45284,152359
10000317,Evani 2,Evani 2,0157,36,45284,152359
10000318,Putyara,Putyara,0157,36,45284,152359
10000319,Dhanae,Dhanae,0157,36,45284,152359
10000320,Ettora,Ettora,0157,36,45284,152359
10000321,Vijora,Vijora,0157,36,45284,152359
10000322,Ranapura,Ranapura,0157,36,45284,152359
10000323,Bhagvantpura,Bhagvantpura,0157,36,45284,152359
10000324,Haivatpura,Haivatpura,0157,36,45284,152359
10000325,Madha,Madha,0157,36,45284,152359
10000326,Dodiya,Dodiya,0157,36,45284,152359
10000327,Matwana,Matwana,0157,36,45284,152359
10000328,Shastri Nagar,Shastri Nagar,0160,36,45750,152780
10000329,Tapariyan,Tapariyan,0160,36,45750,152780
10000330,Matanpura,Matanpura,0160,36,45750,152780
10000331,Gonchi,Gonchi,0160,36,45750,152780
10000332,Pump House,Pump House,0160,36,45750,152780
10000333,Naya Khera,Naya Khera,0160,36,45750,152780
10000334,Pura Badera,Pura Badera,0160,36,45750,152780
10000335,Khirakgola,Khirakgola,0160,36,45750,152780
10000336,Koti Santpur,Koti Santpur,0160,36,45750,152780
10000337,Gola,Gola,0160,36,45750,152780
10000338,Sheshar,Sheshar,0160,36,45750,152780
10000339,Sukuwa,Sukuwa,0160,36,45750,152780
10000340,Gagli Khadai,Gagli Khadai,0160,36,45767,152787
10000341,Rasoi,Rasoi,0160,36,45767,152787
10000342,Suraj Pura,Suraj Pura,0160,36,45750,152780
10000343,Jaunpur,Jaunpur,0160,36,45750,152780
10000344,Mankuan,Mankuan,0160,36,45750,152780
10000345,Baghora,Baghora,0160,36,45750,152780
10000346,Hirapur Chota,Hirapur Chota,0160,36,45750,152780
10000347,Hirapur Bada,Hirapur Bada,0160,36,45750,152780
10000348,Budpura,Budpura,0160,36,45750,152780
10000349,Thanga,Thanga,0160,36,45750,152780
10000350,Dharampura,Dharampura,0160,36,45750,152780
10000351,Koni,Koni,0160,36,45746,152777
10000352,Phoolpur,Phoolpur,0160,36,45746,152777
10000353,Chochra,Chochra,0160,36,45746,152777
10000354,Guwawali,Guwawali,0160,36,45746,152777
10000355,Ramgarh,Ramgarh,0160,36,45746,152777
10000356,Guwawali Khadi,Guwawali Khadi,0160,36,45746,152777
10000357,Nayakuan,Nayakuan,0160,36,45746,152777
10000358,Ararmachine,Ararmachine,0160,36,45771,152788
10000359,Thakurpura,Thakurpura,0160,36,45771,152788
10000360,Simariya,Simariya,0160,36,45775,152789
10000361,Laher,Laher,0160,36,45775,152789
10000362,Ratanpura Rasina,Ratanpura Rasina,0160,36,45775,152789
10000363,Harijan Basti,Harijan Basti,0160,36,45735,152770
10000364,Chouka,Chouka,0160,36,45735,152770
10000365,Makhdiyau,Makhdiyau,0160,36,45735,152770
10000366,Subhash Nagar,Subhash Nagar,0160,36,45735,152770
10000367,Chandra Nagar,Chandra Nagar,0160,36,45734,152769
10000368,Khajuria,Khajuria,0160,36,45733,152768
10000369,Khailar,Khailar,0160,36,45733,152768
10000370,Nota,Nota,0160,36,45733,152768
10000371,Dangaria,Dangaria,0160,36,45733,152768
10000372,Petrol Pump,Petrol Pump,0160,36,45733,152768
10000373,Saket Nagar,Saket Nagar,0160,36,45733,152768
10000374,BHEL,BHEL,0160,36,45733,152768
10000375,Kashi Nagar,Kashi Nagar,0160,36,45733,152768
10000376,Shakti Nagar,Shakti Nagar,0160,36,45733,152768
10000377,Purve,Purve,0160,36,45729,152766
10000378,Bhadra,Bhadra,0160,36,45729,152766
10000379,Bhadra,Bhadra,0160,36,45729,152766
10000380,Bijoli,Bijoli,0160,36,45729,152766
10000381,Baikunthi,Baikunthi,0160,36,45729,152766
10000382,Rajgarh,Rajgarh,0160,36,45729,152766
10000383,Anjani Nagar,Anjani Nagar,0160,36,45729,152766
10000384,Anjani Nagar,Anjani Nagar,0160,36,45729,152766
10000385,Rotiyana,Rotiyana,0160,36,45729,152766
10000386,Madera,Madera,0160,36,45729,152766
10000387,Devgarh,Devgarh,0160,36,45705,152746
10000388,Ghatkotra,Ghatkotra,0160,36,45705,152746
10000389,GaneshGarh,GaneshGarh,0160,36,45705,152746
10000390,Khadai,Khadai,0160,36,45705,152746
10000391,Teka,Teka,0160,36,45689,152732
10000392,Deubki,Deubki,0160,36,45689,152732
10000393,Durgapur,Durgapur,0160,36,45722,152763
10000394,Dhimaryana,Dhimaryana,0160,36,45691,152734
10000395,Salliya,Salliya,0160,36,45719,152760
10000396,Rai Mohalla,Rai Mohalla,0160,36,45719,152760
10000397,Toriya,Toriya,0160,36,45719,152760
10000398,Gwaltoli,Gwaltoli,0160,36,45719,152760
10000399,Jyoti Nagar,Jyoti Nagar,0160,36,45719,152760
10000400,Kumhar toli,Kumhar toli,0160,36,45719,152760
10000401,Jyoti Nagar,Jyoti Nagar,0160,36,45719,152760
10000402,Athondana,Athondana,0160,36,45719,152760
10000403,Adarsh Nagar,Adarsh Nagar,0160,36,45719,152760
10000404,Gariyagaon,Gariyagaon,0160,36,45719,152760
10000405,GariyaKhera,GariyaKhera,0160,36,45719,152760
10000406,Azad pura,Azad pura,0160,36,45719,152760
10000407,Hardaul,Hardaul,0160,36,45719,152760
10000408,Lahargird,Lahargird,0160,36,45719,152760
10000409,Khodan,Khodan,0160,36,45719,152760
10000410,Ballampur,Ballampur,0160,36,45689,152732
10000411,Kanchanpur,Kanchanpur,0160,36,45711,152752
10000412,Paharpura,Paharpura,0160,36,45711,152752
10000413,Deli,Deli,0160,36,45711,152752
10000414,Gas Godam,Gas Godam,0160,36,45711,152752
10000415,Gewra,Gewra,0160,36,45711,152752
10000416,Domagor,Domagor,0160,36,45711,152752
10000417,Domri,Domri,0160,36,45721,152762
10000418,Shivgargh,Shivgargh,0160,36,45716,152757
10000419,Pahelpur,Pahelpur,0160,36,45716,152757
10000420,Haibadha,Haibadha,0160,36,45717,152758
10000421,Lakhanpura,Lakhanpura,0160,36,45717,152758
10000422,Adiwasi Colony,Adiwasi Colony,0160,36,45717,152758
10000423,Dhawa Ke Kuan,Dhawa Ke Kuan,0160,36,45717,152758
10000424,Konch Maira,Konch Maira,0160,36,45717,152758
10000425,Kumharpura,Kumharpura,0160,36,45699,152741
10000426,Paykapurva,Paykapurva,0160,36,45697,152739
10000427,Chhatpura,Chhatpura,0160,36,45697,152739
10000428,Kanch,Kanch,0160,36,45699,152741
10000429,Gadaryau,Gadaryau,0160,36,45697,152739
10000430,Kodran,Kodran,0160,36,45702,152744
10000431,Kudi,Kudi,0160,36,45702,152744
10000432,Chhiyawara Dera,Chhiyawara Dera,0160,36,45702,152744
10000433,Badanpur,Badanpur,0160,36,45688,152731
10000434,Basai,Basai,0160,36,45688,152731
10000435,Ronta,Ronta,0160,36,45688,152731
10000436,Sarwa,Sarwa,0160,36,45777,152790
10000437,Sukhma,Sukhma,0160,36,45777,152790
10000438,Kharakuan,Kharakuan,0160,36,45777,152790
10000439,Brhamnagar,Brhamnagar,0160,36,45777,152790
10000440,Raksha taliya,Raksha taliya,0160,36,45777,152790
10000441,Devra,Devra,0160,36,45777,152790
10000442,Jhala,Jhala,0160,36,45777,152790
10000443,Puratani,Puratani,0160,36,45777,152790
10000444,Tai,Tai,0160,36,45777,152790
10000445,Devra,Devra,0157,36,45349,152412
10000446,Jhala,Jhala,0157,36,45349,152412
10000447,Puratani,Puratani,0157,36,45349,152412
10000448,Tai,Tai,0157,36,45349,152412
10000449,Sekra,Sekra,0159,36,45560,152610
10000450,DevariSingh Pura,DevariSingh Pura,0159,36,45526,152581
10000451,Bauda,Bauda,0159,36,45556,152606
10000452,Mabai,Mabai,0156,36,45149,152249
10000453,Khillawari,Khillawari,0156,36,45149,152249
10000454,Sitoura,Sitoura,0156,36,45149,152249
10000455,Dineri,Dineri,0156,36,45149,152249
10000456,Dinera,Dinera,0156,36,45149,152249
10000457,Baroul,Baroul,0156,36,45149,152249
10000458,Bhatpura,Bhatpura,0156,36,45149,152249
10000459,Pachchar Garh,Pachchar Garh,0156,36,45149,152249
10000460,Tajpura,Tajpura,0156,36,45149,152249
10000461,Itvan Khurd,Itvan Khurd,0156,36,45149,152249
10000462,Pahari Khurd,Pahari Khurd,0156,36,45149,152249
10000463,Sojana,Sojana,0156,36,44995,152110
10000464,Gopal Pura,Gopal Pura,0156,36,44995,152110
10000465,Era,Era,0156,36,44995,152110
10000466,Vedora,Vedora,0156,36,44995,152110
10000467,Khiriyapur,Khiriyapur,0156,36,44939,152060
10000468,Samthar Dehat,Samthar Dehat,0156,36,44939,152060
10000469,Belma Khurd,Belma Khurd,0156,36,44995,152110
10000470,Dheri,Dheri,0156,36,44939,152060
10000471,Vavai,Vavai,0156,36,44969,152088
10000472,Badhera,Badhera,0156,36,44969,152088
10000473,Syawari,Syawari,0159,36,45643,152684
10000474,Lahchura,Lahchura,0159,36,45655,152696
10000475,Dhorra,Dhorra,0159,36,45676,152716
10000476,Pirouna,Pirouna,0156,36,45045,
10000477,Belma Khurd,Belma Khurd,0156,36,45054,152163
10000478,Kuda Ghar,Kuda Ghar,0156,36,44980,152098
10000479,Baghera,Baghera,0156,36,44980,152098
10000480,Nagar,Nagar,0157,36,45282,152357
10000481,Saingua,Saingua,0157,36,45252,152330
10000482,Garautha,Garautha,0157,36,45286,152360
10000483,Semari,Semari,0157,36,45272,152350
10000484,Chhiraura,Chhiraura,0157,36,45244,152322
10000485,Dudi,Dudi,0157,36,45201,152295
10000486,Gokara,Gokara,0157,36,45213,152302
10000487,Tharra,Tharra,0157,36,45214,152303
10000488,Devari,Devari,0157,36,45221,152308
10000489,Bargavan Khungar,Bargavan Khungar,0157,36,45250,152328
10000490,Eskil,Eskil,0157,36,45179,152274
10000491,Arach,Arach,0157,36,45174,152271
10000492,Sahpura,Sahpura,0157,36,45255,152333
10000493,Syawani Khurd,Syawani Khurd,0159,36,45592,152635
10000494,Mendhki,Mendhki,0159,36,45592,152635
10000495,Pachwai,Pachwai,0159,36,45652,152693
10000496,Kammae,Kammae,0159,36,45678,152718
10000497,Baryana Mohalla,Baryana Mohalla,0160,36,45763,152785
10000498,Tilyana,Tilyana,0160,36,45688,152731
10000499,Babina,Babina,0160,36,45763,152785
10000500,Mutran,Mutran,0160,36,45767,152787
10000501,New Dhamkan,New Dhamkan,0160,36,45767,152787
10000502,Badora,Badora,0160,36,45689,152732
10000503,Maheshgarh,Maheshgarh,0160,36,45689,152732
10000504,Mota,Mota,0160,36,45688,152731
10000505,Pal ka Purwa,Pal ka Purwa,0160,36,45699,152741
10000506,Bachauni,Bachauni,0160,36,45699,152741
10000507,TUKA-B,TUKA-B,0160,36,45690,152733
10000508,Kalyanpura,Kalyanpura,0160,36,45717,152758
10000509,Patlapura,Patlapura,0160,36,45717,152758
10000510,Gumanpura,Gumanpura,0160,36,45717,152758
10000511,Kalaryana,Kalaryana,0160,36,45794,152801
10000512,Madora,Madora,0160,36,45841,152844
10000513,Katora,Katora,0160,36,45868,152861
10000514,Ranguwa,Ranguwa,0160,36,45819,152822
10000515,Kabutara,Kabutara,0160,36,45830,152833
10000516,Ambabay,Ambabay,0160,36,45793,152800
10000517,Ishahgarh,Ishahgarh,0160,36,45803,152808
10000518,Bharari Farm,Bharari Farm,0160,36,45796,152803
10000519,Virangna,Virangna,0160,36,45848,152850
10000520,Barthari State,Barthari State,0156,36,45045,
10000521,Budhera Khurd,Budhera Khurd,0156,36,44929,152051
10000522,Anthari,Anthari,0156,36,45022,152132
10000523,Katera Second,Katera Second,0159,36,45566,152615
10000524,Nagaich,Nagaich,0159,36,45571,152619
10000525,Kaimai,Kaimai,0159,36,45651,152692
10000526,Rajpahariya,Rajpahariya,0159,36,45651,152692
10000527,PPC Mauranipur,PPC Mauranipur,0159,36,45651,152692
10000528,Baraura,Baraura,0157,36,45284,152359
10000529,Madhopura,Madhopura,0158,36,45469,152531
10000530,Rajapur,Rajapur,0158,36,45493,152553
10000531,Rajapur,Rajapur,0158,36,45493,152553
10000532,Rajapur,Rajapur,0157,36,45280,152356
10000533,Khajara,Khajara,0160,36,45747,152778
10000534,Badahaar,Badahaar,0160,36,45871,152864
10000535,Kolva,Kolva,0160,36,45866,152859
10000536,Pahuch Bandh,Pahuch Bandh,0160,36,45790,152797
10000537,Shri Nagar,Shri Nagar,0160,36,45866,152859
10000538,Tilak Nagar,Tilak Nagar,0160,36,45801,152806
10000539,Bijoli Talpura,Bijoli Talpura,0160,36,45784,152794
10000540,Brahmpuri,Brahmpuri,0160,36,45781,152793
10000541,Bamair,Bamair,0160,36,45690,152733
10000542,Emilia,Emilia,0160,36,45790,152797
10000543,Khadari,Khadari,0160,36,45781,152793
10000544,Amarpura,Amarpura,0160,36,45865,152858
10000545,Rajapur,Rajapur,0160,36,45808,152813
10000546,Khaira,Khaira,0160,36,45705,152746
10000547,Tapran,Tapran,0160,36,45760,152783
10000548,Gajgaon,Gajgaon,0160,36,45811,152816
10000549,NPHC Baidora,NPHC Baidora,0160,36,45687,152730
10000550,Chamraua,Chamraua,0160,36,45686,152729
10000551,Dhimarpura,Dhimarpura,0160,36,45846,152849
10000552,Koti,Koti,0160,36,45790,152797
10000553,Bunda,Bunda,0160,36,45865,152858
10000554,Salliya,Salliya,0160,36,45747,152778
10000555,Matth,Matth,0160,36,45801,152806
10000556,Azad Nagar,Azad Nagar,0160,36,45705,152746
10000557,Murari Nagar,Murari Nagar,0160,36,45735,152770
10000558,Peinch,Peinch,0160,36,45693,152735
10000559,Kanhaiyapura,Kanhaiyapura,0160,36,45828,152831
10000560,Nayagaon,Nayagaon,0160,36,45691,152734
10000561,AHORWA,AHORWA,0315,73,0,
10000562,ANTAWA,ANTAWA,0315,73,0,
10000563,ASHA RASHID,ASHA RASHID,0315,73,0,
10000564,BETTOURA,BETTOURA,0315,73,0,
10000565,BIRNAWA,BIRNAWA,0315,73,0,
10000566,DELA,DELA,0315,73,0,
10000567,GADWA,GADWA,0315,73,0,
10000568,GARAVA,GARAVA,0315,73,0,
10000569,GOPALPUR,GOPALPUR,0315,73,0,
10000570,JAGDISH PUR,JAGDISH PUR,0315,73,0,
10000571,KACHNAWA,KACHNAWA,0315,73,0,
10000572,KESHAVAPUR,KESHAVAPUR,0315,73,0,
10000573,KHETHOUDHAN,KHETHOUDHAN,0315,73,0,
10000574,MAIN CENTER DEEH,MAIN CENTER DEEH,0315,73,0,
10000575,NPHC AHORWA RAM PUR,NPHC AHORWA RAM PUR,0315,73,0,
10000576,MAU,MAU,0315,73,0,
10000577,PARSADE PUR,PARSADE PUR,0315,73,0,
10000578,POORAB NAYAN,POORAB NAYAN,0315,73,0,
10000579,POTHEI,POTHEI,0315,73,0,
10000580,PRADHANPUR,PRADHANPUR,0315,73,0,
10000581,PURABNAYAN,PURABNAYAN,0315,73,0,
10000582,PURE PANDAY,PURE PANDAY,0315,73,0,
10000583,ROKHA,ROKHA,0315,73,0,
10000584,SALAUN I,SALAUN I,0315,73,0,
10000585,SALAUN II,SALAUN II,0315,73,0,
10000586,TEKARI DANDU,TEKARI DANDU,0315,73,0,
10000587,VIKRAMPUR,VIKRAMPUR,0075,18,61493,126437
10000588,NEELKANTHPUR,NEELKANTHPUR,0075,18,19214,126437
10000589,KUTURUA,KUTURUA,0075,18,19214,126437
10000590,BUDHARRA,BUDHARRA,0075,18,19214,126437
10000591,JATWAN,JATWAN,0075,18,19214,126437
10000592,BANJHHAR,BANJHHAR,0075,18,19214,126437
10000593,CHAHAR,CHAHAR,0075,18,19214,126437
10000594,NAGLA SALEHI,NAGLA SALEHI,0075,18,19214,126437
10000595,--,--,0075,18,19214,126437
10000596,HANNU KHAIDA,HANNU KHAIDA,0077,18,19525,126750
10000597,NAGLA NIHAL,NAGLA NIHAL,0077,18,19525,126750
10000598,MAGRORA,MAGRORA,0077,18,19525,126750
10000599,NAGLA KUAA,NAGLA KUAA,0077,18,19525,126750
10000600,BAGIYA,BAGIYA,0077,18,19525,126750
10000601,MARHARI,MARHARI,0077,18,19525,126750
10000602,GOSALPUR,GOSALPUR,0077,18,19525,126750
10000603,GANESHPUR,GANESHPUR,0077,18,19525,126750
10000604,BHOJPUR,BHOJPUR,0077,18,19525,126750
10000605,NAGLA KAKAN,NAGLA KAKAN,0077,18,19525,126750
10000606,DADI,DADI,0077,18,19525,126750
10000607,BAREAIJ,BAREAIJ,0077,18,19525,126750
10000608,SIMRAYEE,SIMRAYEE,0077,18,19525,126750
10000609,DEVGANJ,DEVGANJ,0077,18,19525,126750
10000610,SASTRI NAGAR,SASTRI NAGAR,0077,18,19525,126750
10000611,NAGLA NINKU,NAGLA NINKU,0077,18,19525,126750
10000612,ENNEKHAIDA,ENNEKHAIDA,0077,18,19525,126750
10000613,BRAJPUR,BRAJPUR,0077,18,19525,126750
10000614,NAGLA BALU,NAGLA BALU,0077,18,19525,126750
10000615,PATHARIYA,PATHARIYA,0077,18,19525,126750
10000616,KABIR GANJ,KABIR GANJ,0077,18,19525,126750
10000617,MOHD. SHAHEED,MOHD. SHAHEED,0077,18,19525,126750
10000618,FAJIL GANJ,FAJIL GANJ,0077,18,19525,126750
10000619,PRAIM CHIRAYEA,PRAIM CHIRAYEA,0077,18,19525,126750
10000620,RASULABAD,RASULABAD,0077,18,19525,126750
10000621,JAGAT NAGAR,JAGAT NAGAR,0077,18,19525,126750
10000622,MISRANA,MISRANA,0077,18,19525,126750
10000623,LADAFAN,LADAFAN,0077,18,19525,126750
10000624,GIHAR COLONY CHOTY,GIHAR COLONY CHOTY,0077,18,19525,126750
10000625,GIHAR COLONY BADI,GIHAR COLONY BADI,0077,18,19525,126750
10000626,BHEM NAGAR,BHEM NAGAR,0077,18,19525,126750
10000627,MOHALA CHOUDHARY,,0077,18,19525,126750
10000628,MO. HATIYAPUR,,0077,18,19525,126750
10000629,KARIYA NEEM,,0077,18,19525,126750
10000630,MO. GADDA,,0077,18,19525,126750
10000631,NAYE BASTI,,0077,18,19525,126750
10000632,UPAR TILLA,,0077,18,19525,126750
10000633,MO. MRADHA,,0077,18,19525,126750
10000634,BADA BAGAR,,0077,18,19525,126750
10000635,MO.JOHARI,,0077,18,19525,126750
10000636,MO SINDI,,0077,18,19525,126750
10000637,PURHOTANA,,0077,18,19525,126750
10000638,ASHRAT,,0077,18,19525,126750
10000639,BAKALAN,,0077,18,19525,126750
10000640,Nagwa urf Nawpura,Nagwa urf Nawpura,0290,65,98574,205515
10000641,Sabajkule,Sabajkule,0290,65,98574,205515
10000642,Husanpur,Husanpur,0290,65,98574,205515
10000643,Gouspur,Gouspur,0290,65,99146,206087
10000644,Ahmadpatte,Ahmadpatte,0290,65,99146,206087
10000645,Sahapur,Sahapur,0290,65,99146,206087
10000646,Mamraj,Mamraj,0290,65,99146,206087
10000647,Dilayalpur,Dilayalpur,0290,65,99146,206087
10000648,Meranpur,Meranpur,0290,65,98574,205515
10000649,Ganeshpur,Ganeshpur,0290,65,98574,205515
10000650,Balanagar,Balanagar,0290,65,98574,205515
10000651,Kamalpur Lode,Kamalpur Lode,0290,65,98574,205515
10000652,Nonhara,Nonhara,0290,65,98574,205515
10000653,Bartar,Bartar,0290,65,98574,205515
10000654,Chak Asdulla,Chak Asdulla,0290,65,98574,205515
10000655,Chak Badlu,Chak Badlu,0290,65,98574,205515
10000656,Bal Pathar,Bal Pathar,0290,65,98574,205515
10000657,Khalelpur,Khalelpur,0290,65,98574,205515
10000658,Rasulpur,Rasulpur,0290,65,98574,205515
10000659,Sonbarsha,Sonbarsha,0290,65,98574,205515
10000660,Saidachak,Saidachak,0290,65,98574,205515
10000661,Rasulpur Ahmad,Rasulpur Ahmad,0290,65,98574,205515
10000662,Sawna,Sawna,0290,65,98574,205515
10000663,Habbspur,Habbspur,0290,65,98574,205515
10000664,Balua,Balua,0290,65,98574,205515
10000665,Goura,Goura,0290,65,98574,205515
10000666,Gathea,Gathea,0290,65,98574,205515
10000667,Gathea Rajapur,Gathea Rajapur,0290,65,98574,205515
10000668,Barian,Barian,0290,65,98574,205515
10000669,Baramdaspur,Baramdaspur,0290,65,98574,205515
10000670,Paranpura,Paranpura,0290,65,98574,205515
10000671,Chunganepur,Chunganepur,0290,65,98574,205515
10000672,Echole,Echole,0290,65,98574,205515
10000673,Chakdelar Himmat,Chakdelar Himmat,0290,65,98574,205515
10000674,Kothiya Visunpura,Kothiya Visunpura,0290,65,98574,205515
10000675,Hussepur,Hussepur,0290,65,98574,205515
10000676,Ragubarganj,Ragubarganj,0290,65,98574,205515
10000677,Pawla,Pawla,0290,65,98574,205515
10000678,Parsa,Parsa,0290,65,98574,205515
10000679,Rajapur,Rajapur,0290,65,98574,205515
10000680,Raipur,Raipur,0290,65,98574,205515
10000681,Sarigandhu,Sarigandhu,0290,65,98574,205515
10000682,Rajapur,Rajapur,0290,65,98574,205515
10000683,Rajuli,Rajuli,0290,65,98574,205515
10000684,Surtapur,Surtapur,0290,65,98574,205515
10000685,Sundeswar,Sundeswar,0290,65,98574,205515
10000686,Bakaspura,Bakaspura,0290,65,98574,205515
10000687,Prahladpur,Prahladpur,0290,65,98574,205515
10000688,Saendaspur,Saendaspur,0290,65,98574,205515
10000689,Chakphar,Chakphar,0290,65,98574,205515
10000690,Mahrupur,Mahrupur,0290,65,98574,205515
10000691,Balapur,Balapur,0290,65,98574,205515
10000692,Nathanpur,Nathanpur,0290,65,98574,205515
10000693,Salempur,Salempur,0290,65,98574,205515
10000694,Malikpura,Malikpura,0290,65,98574,205515
10000695,Badsahpur,Badsahpur,0290,65,98574,205515
10000696,Sherpurkala,Sherpurkala,0290,65,98574,205515
10000697,Sherpurkala f.w,Sherpurkala f.w,0290,65,98574,205515
10000698,Sherpurkala Aaurved,Sherpurkala Aaurved,0290,65,98574,205515
10000699,Sherpurkhurd,Sherpurkhurd,0290,65,98574,205515
10000700,Semera,Semera,0290,65,98574,205515
10000701,Chakdelar Himmat,Chakdelar Himmat,0290,65,98574,205515
10000702,Chakdelar Himmat,Chakdelar Himmat,0290,65,98574,205515
10000703,Bich Ka Purwa,Bich Ka Purwa,0171,40,48008,154980
10000704,Kais Ka Purwa,Kais Ka Purwa,0171,40,48008,154980
10000705,Ganchha,Ganchha,0171,40,48008,154980
10000706,Chhhraw,Chhhraw,0171,40,48008,154980
10000707,Barabiku,Barabiku,0130,29,38630,145742
10000708,Lalai,Lalai,0130,29,38630,145742
10000709,Dhamdhera,Dhamdhera,0130,29,38630,145742
10000710,Hajratpur,Hajratpur,0130,29,38630,145742
10000711,Bhatasa,Bhatasa,0130,29,38639,145751
10000712,Rajpalpur,Rajpalpur,0130,29,38639,145751
10000713,Mamapur,Mamapur,0130,29,38639,145751
10000714,Nagla,Nagla,0130,29,38639,145751
10000715,Kanjadh,Kanjadh,0130,29,38639,145751
10000716,Dudemay Salempur,Dudemay Salempur,0130,29,38876,
10000717,Dipa,Dipa,0130,29,38876,
10000718,Saithra,Saithra,0130,29,38876,
10000719,Nagla Nat,Nagla Nat,0130,29,38876,
10000720,NaglaGurudyal,NaglaGurudyal,0130,29,38876,
10000721,Nagla Bilona,Nagla Bilona,0130,29,38876,
10000722,BUDHANPUR,BUDHANPUR,0130,29,61587,0
10000723,Barabiku,Barabiku,0130,29,38630,145742
10000724,Lalai,Lalai,0130,29,38630,145742
10000725,Ijaur,Ijaur,0130,29,38644,145756
10000726,Nangla Pepal,Nangla Pepal,0130,29,38644,145756
10000727,Nagla Gadhi,Nagla Gadhi,0130,29,38644,145756
10000728,Nangla Sambhu,Nangla Sambhu,0130,29,38644,145756
10000729,Nagla Charan,Nagla Charan,0130,29,38644,145756
10000730,Choilata,Choilata,0130,29,38644,145756
10000731,Uliyapur,Uliyapur,0130,29,38644,145756
10000732,Jyona,Jyona,0130,29,38646,145758
10000733,Jyoni,Jyoni,0130,29,38646,145758
10000734,Mayhadidadpur,Mayhadidadpur,0130,29,38646,145758
10000735,NaglaTara,NaglaTara,0130,29,38646,145758
10000736,Mayrasid pur,Mayrasid pur,0130,29,38649,145761
10000737,NaglaBhudh,NaglaBhudh,0130,29,38649,145761
10000738,NaglaMukut,NaglaMukut,0130,29,38649,145761
10000739,Kutbudeenpur,Kutbudeenpur,0130,29,38649,145761
10000740,AmlaiyaMukeri,AmlaiyaMukeri,0130,29,38649,145761
10000741,Nagla Ten,Nagla Ten,0130,29,38649,145761
10000742,Turk Lalaiya,Turk Lalaiya,0130,29,38649,145761
10000743,Main Center,Main Center,0130,29,38704,
10000744,Chndni,Chndni,0130,29,38704,
10000745,Emadpur,Emadpur,0130,29,38704,
10000746,Veerpur,Veerpur,0130,29,38704,
10000747,Nagla Duli,Nagla Duli,0130,29,38704,
10000748,NaglaHeera,NaglaHeera,0130,29,38704,
10000749,NaglaLodhi,NaglaLodhi,0130,29,38704,
10000750,NaglaDhobiyan,NaglaDhobiyan,0130,29,38704,
10000751,NaglaJhabbu,NaglaJhabbu,0130,29,38704,
10000752,NaglaJatav,NaglaJatav,0130,29,38704,
10000753,Kachhpura,Kachhpura,0130,29,38704,
10000754,Nawabganj,Nawabganj,0130,29,38704,
10000755,Ganipur Naya,Ganipur Naya,0130,29,38704,
10000756,Ganipur Purana,Ganipur Purana,0130,29,38704,
10000757,Banjara Vasti,Banjara Vasti,0130,29,38704,
10000758,Ganipur Jogpur,Ganipur Jogpur,0130,29,38704,
10000759,Shivrai Math,Shivrai Math,0130,29,38632,145744
10000760,Jahanpur,Jahanpur,0130,29,38632,145744
10000761,Rasidavalav,Rasidavalav,0130,29,38632,145744
10000762,Aladadpur,Aladadpur,0130,29,38632,145744
10000763,Lakhanpur,Lakhanpur,0130,29,38632,145744
10000764,Nagla Pati,Nagla Pati,0130,29,38632,145744
10000765,Silsenda,Silsenda,0130,29,38667,145779
10000766,Chaduiya,Chaduiya,0130,29,38667,145779
10000767,Nagla Makoda,Nagla Makoda,0130,29,38667,145779
10000768,Amrapur,Amrapur,0130,29,38667,145779
10000769,Jirau,Jirau,0130,29,38667,145779
10000770,Nagla Bhaoj,Nagla Bhaoj,0130,29,38667,145779
10000771,Ramapur,Ramapur,0130,29,38667,145779
10000772,NaglaPanchhi,NaglaPanchhi,0130,29,38667,145779
10000773,Kudhrapar,Kudhrapar,0130,29,38667,145779
10000774,Kaimganj Main Center,Kaimganj Main Center,0130,29,38667,145779
10000775,Mo. Sadhbara,Mo. Sadhbara,0130,29,38667,145779
10000776,Mo. Nai Bahi,Mo. Nai Bahi,0130,29,38667,145779
10000777,Mo. Nagariya Ramlal,Mo. Nagariya Ramlal,0130,29,38667,145779
10000778,Mo. Rakhid Khan,Mo. Rakhid Khan,0130,29,38667,145779
10000779,Mo. Chhapty,Mo. Chhapty,0130,29,38667,145779
10000780,Mo. Chilanka,Mo. Chilanka,0130,29,38667,145779
10000781,Mo. Aim Khan,Mo. Aim Khan,0130,29,38667,145779
10000782,Mo. Chiloly,Mo. Chiloly,0130,29,38667,145779
10000783,Mo. Ahaee Lakman,Mo. Ahaee Lakman,0130,29,38667,145779
10000784,Mo. Pathak,Mo. Pathak,0130,29,38667,145779
10000785,Mo. Lohai,Mo. Lohai,0130,29,38667,145779
10000786,Mo. Pakhnagla,Mo. Pakhnagla,0130,29,38667,145779
10000787,Mo. Ganga Darwaza,Mo. Ganga Darwaza,0130,29,38667,145779
10000788,Mo. Bagiya Saheblal,Mo. Bagiya Saheblal,0130,29,38667,145779
10000789,Mo. Bagiya Maikulal,Mo. Bagiya Maikulal,0130,29,38667,145779
10000790,Bhojpur,Bhojpur,0132,29,39415,146525
10000791,Gariyan Nagla,Gariyan Nagla,0132,29,39415,146525
10000792,Dhapalpur,Dhapalpur,0132,29,39415,146525
10000793,Mehendiya,Mehendiya,0132,29,39415,146525
10000794,Bhuttiya,Bhuttiya,0132,29,39415,146525
10000795,Nagla Khem Raingai,Nagla Khem Raingai,0132,29,39415,146525
10000796,Nagla Kachhi,Nagla Kachhi,0132,29,39415,146525
10000797,Nagla Umrao,Nagla Umrao,0132,29,39415,146525
10000798,Nagla Fateh,Nagla Fateh,0132,29,39415,146525
10000799,Lain Gaon,Lain Gaon,0132,29,39415,146525
10000800,Rasulpur,Rasulpur,0132,29,39415,146525
10000801,Bhoolanpur,Bhoolanpur,0132,29,39415,146525
10000802,Chirpura,Chirpura,0132,29,39415,146525
10000803,Dwarikapuri,Dwarikapuri,0132,29,39415,146525
10000804,Kailashpuri,Kailashpuri,0132,29,39415,146525
10000805,Bhadusa,Bhadusa,0132,29,39374,146484
10000806,Nyamat Nagar,Nyamat Nagar,0132,29,39374,146484
10000807,Salmapur,Salmapur,0132,29,39374,146484
10000808,Bhaunagla,Bhaunagla,0132,29,39374,146484
10000809,Kaimganj Main Center,Kaimganj Main Center,0130,29,38667,145779
10000810,Ramwapur,Ramwapur,0241,56,75169,
10000811,Munderi,Munderi,0241,56,75169,
10000812,Ratnapar,Ratnapar,0241,56,75169,
10000813,Dumaria,Dumaria,0241,56,75169,
10000814,Kusurukala,Kusurukala,0241,56,75169,
10000815,Mishrwalia,Mishrwalia,0241,56,75169,
10000816,Parag,Parag,0241,56,75169,
10000817,Mainadar,Mainadar,0241,56,75169,
10000818,Malauli,Malauli,0241,56,75169,
10000819,Bhitwa,Bhitwa,0241,56,75169,
10000820,Kaptanganj Ratas,Kaptanganj Ratas,0238,55,73298,
10000821,Pathkhauli babu,Pathkhauli babu,0238,55,73298,
10000822,Dubauli mishra Harivanshpur,Dubauli mishra Harivanshpur,0238,55,73298,
10000823,Naktidei,Naktidei,0238,55,73298,
10000824,Kakrahwa Jasaipur,Kakrahwa Jasaipur,0238,55,73298,
10000825,Kakuarawat,Kakuarawat,0238,55,73298,
10000826,Badhaya Manjheriya,Badhaya Manjheriya,0238,55,73298,
10000827,Baihar,Baihar,0238,55,73277,
10000828,Achkawapur,Achkawapur,0238,55,73277,
10000829,Rakhiya,Rakhiya,0238,55,73277,
10000830,Lonpurwa,Lonpurwa,0238,55,73277,
10000831,Manikarpur,Manikarpur,0238,55,73277,
10000832,Rajajoot,Rajajoot,0238,55,73277,
10000833,Khaupokhar,Khaupokhar,0238,55,73277,
10000834,Pikaurasani,Pikaurasani,0238,55,73277,
10000835,Maharajganj,Maharajganj,0238,55,72752,179684
10000836,Teliyadeah,Teliyadeah,0238,55,72752,179684
10000837,Gangapur,Gangapur,0238,55,72752,179684
10000838,Mahadevari,Mahadevari,0238,55,72752,179684
10000839,Trilokpur,Trilokpur,0238,55,72752,179684
10000840,Soma,Soma,0238,55,72752,179684
10000841,Farenda sengar,Farenda sengar,0238,55,72752,179684
10000842,Bhairopur,Bhairopur,0238,55,72752,179684
10000843,Mahaualakhanpur,Mahaualakhanpur,0238,55,72987,
10000844,Khemrajpur,Khemrajpur,0238,55,72987,
10000845,Khemrajpur,Khemrajpur,0238,55,72987,
10000846,Baghoda,Baghoda,0238,55,72987,
10000847,Baghoda,Baghoda,0238,55,72987,
10000848,Baisoliya raipara,Baisoliya raipara,0238,55,72987,
10000849,Baisoliya raipara,Baisoliya raipara,0238,55,72987,
10000850,Koilara,Koilara,0238,55,72987,
10000851,Banjariya,Banjariya,0238,55,72987,
10000852,Kajrikund,Kajrikund,0238,55,72987,
10000853,Bihara bhaluhiya,Bihara bhaluhiya,0238,55,73213,
10000854,Bihara bhaluhiya,Bihara bhaluhiya,0238,55,73213,
10000855,Balaieveer rehawa,Balaieveer rehawa,0238,55,73213,
10000856,Pinesar,Pinesar,0238,55,73213,
10000857,Madhi pedari,Madhi pedari,0238,55,73213,
10000858,Shivpur penda,Shivpur penda,0238,55,73213,
10000859,Marwatiya tiwari,Marwatiya tiwari,0238,55,73213,
10000860,Langdi,Langdi,0238,55,73213,
10000861,Thua banahara,Thua banahara,0238,55,73213,
10000862,Thua banahara,Thua banahara,0238,55,73213,
10000863,Ojhaganj,Ojhaganj,0238,55,73269,
10000864,Autrauda,Autrauda,0238,55,73269,
10000865,Rautaienpur,Rautaienpur,0238,55,73269,
10000866,Ojhaganj,Ojhaganj,0238,55,72380,179312
10000867,Parivarpur,Parivarpur,0238,55,73269,
10000868,Banha manpur,Banha manpur,0238,55,73269,
10000869,KHULASHPUR,KHULASHPUR,0238,55,61670,0
10000870,Kotiya bharu,Kotiya bharu,0238,55,73269,
10000871,Kotiya bharu,Kotiya bharu,0238,55,73269,
10000872,Dayalapur belsad,Dayalapur belsad,0238,55,73352,180284
10000873,Bahrthapur,Bahrthapur,0238,55,73352,180284
10000874,Manjheriya,Manjheriya,0238,55,73352,180284
10000875,Dayalapur belsad,Dayalapur belsad,0238,55,73352,180284
10000876,Narottam kataiea,Narottam kataiea,0238,55,73352,180284
10000877,Dayalapur belsad,Dayalapur belsad,0238,55,73352,180284
10000878,Bahrthapur,Bahrthapur,0238,55,73352,180284
10000879,Manjheriya,Manjheriya,0238,55,73352,180284
10000880,Narottam kataiea,Narottam kataiea,0238,55,73352,180284
10000881,Karcholiya kalyanpur,Karcholiya kalyanpur,0238,55,73352,180284
10000882,Mahuari,Mahuari,0238,55,73352,180284
10000883,Ratshi,Ratshi,0238,55,73352,180284
10000884,Tilakpur loharauli,Tilakpur loharauli,0238,55,73337,180269
10000885,Saraiyaa mishara Bishonpura,Saraiyaa mishara Bishonpura,0238,55,73337,180269
10000886,Gangapur,Gangapur,0238,55,73337,180269
10000887,Ramdeiya bankata dubey,Ramdeiya bankata dubey,0238,55,73337,180269
10000888,Dudhaura,Dudhaura,0238,55,73337,180269
10000889,Pathkhauli sadsiya,Pathkhauli sadsiya,0238,55,73337,180269
10000890,Katri,Katri,0238,55,73337,180269
10000891,Dubauli dubey,Dubauli dubey,0238,55,73337,180269
10000892,Badhani,Badhani,0238,55,73341,180273
10000893,Pedar purwa,Pedar purwa,0238,55,73341,180273
10000894,Bashuapaar,Bashuapaar,0238,55,73341,180273
10000895,Battupur baghai,Battupur baghai,0238,55,73341,180273
10000896,Khaujiriya mishra thanwarpur,Khaujiriya mishra thanwarpur,0238,55,73341,180273
10000897,Jungle kathar,Jungle kathar,0238,55,73341,180273
10000898,Gopiyapaar maliya chua,Gopiyapaar maliya chua,0238,55,73341,180273
10000899,Gadha,Gadha,0238,55,73323,180255
10000900,Setha,Setha,0238,55,73323,180255
10000901,Setha,Setha,0238,55,73323,180255
10000902,Ranipur,Ranipur,0238,55,73323,180255
10000903,Pilkhav,Pilkhav,0238,55,73323,180255
10000904,Pilkhav,Pilkhav,0238,55,73323,180255
10000905,Mahuamishra,Mahuamishra,0238,55,73323,180255
10000906,Majha,Majha,0238,55,73323,180255
10000907,Sonarapur,Sonarapur,0238,55,73323,180255
10000908,Barahata meeta soti,Barahata meeta soti,0238,55,73372,180304
10000909,Pagar,Pagar,0238,55,73372,180304
10000910,Parashpura newada,Parashpura newada,0238,55,73372,180304
10000911,Kaudikol Khurd belwajor,Kaudikol Khurd belwajor,0238,55,73372,180304
10000912,Kaudikol bujurg Pikaura bari,Kaudikol bujurg Pikaura bari,0238,55,73372,180304
10000913,Lahilwara khiriyahwa,Lahilwara khiriyahwa,0238,55,73372,180304
10000914,Aithee Medhaua,Aithee Medhaua,0238,55,73372,180304
10000915,Aithee Medhaua,Aithee Medhaua,0238,55,73372,180304
10000916,Bhadna Basantpur,Bhadna Basantpur,0238,55,73372,180304
10000917,Bhadna Basantpur,Bhadna Basantpur,0238,55,73372,180304
10000918,Pokhara,Pokhara,0238,55,73394,180326
10000919,Fensha dudhi Kathwaliya,Fensha dudhi Kathwaliya,0238,55,73394,180326
10000920,Majhgawa kudhwa,Majhgawa kudhwa,0238,55,73394,180326
10000921,Khapdi raiyal,Khapdi raiyal,0238,55,73394,180326
10000922,Baishora kevtali,Baishora kevtali,0238,55,73394,180326
10000923,Sadwaliya dhekha sikta,Sadwaliya dhekha sikta,0238,55,73394,180326
10000924,Ramwapur kala bankta,Ramwapur kala bankta,0238,55,73394,180326
10000925,Mahuraiya bankatiya ramwapur khurd,Mahuraiya bankatiya ramwapur khurd,0238,55,73394,180326
10000926,Khadra,Khadra,0238,55,73425,180357
10000927,Naikapaar,Naikapaar,0238,55,73425,180357
10000928,Chandpur,Chandpur,0238,55,73425,180357
10000929,Narharpur bhatpurwa,Narharpur bhatpurwa,0238,55,73425,180357
10000930,Badosar kajiyapur,Badosar kajiyapur,0238,55,73425,180357
10000931,Khajuha gauwav dubauli,Khajuha gauwav dubauli,0238,55,73425,180357
10000932,Khamahira sahijanpur Dofda,Khamahira sahijanpur Dofda,0238,55,73425,180357
10000933,Narayanpur Bathha Gauhaniya,Narayanpur Bathha Gauhaniya,0238,55,73425,180357
10000934,Bishnoharpur,Bishnoharpur,0238,55,73323,180255
10000935,Garh -1,Garh -1,0317,76,0,
10000936,Garh-II,Garh-II,0317,76,0,
10000937,Lodhipur soman,Lodhipur soman,0317,76,0,
10000938,Anupur dhibai,Anupur dhibai,0317,76,0,
10000939,Dhana,Dhana,0317,76,0,
10000940,fattapur,fattapur,0317,76,0,
10000941,Sadallulapur,Sadallulapur,0317,76,0,
10000942,Jhadina,Jhadina,0317,76,0,
10000943,Haiderpur,Haiderpur,0317,76,0,
10000944,Lodhipur Chapka,Lodhipur Chapka,0317,76,0,
10000945,Ladpura,Ladpura,0317,76,0,
10000946,Pavti,Pavti,0317,76,0,
10000947,Janupura,Janupura,0317,76,0,
10000948,Khilwai,Khilwai,0317,76,0,
10000949,Inayatpur,Inayatpur,0317,76,0,
10000950,Dotai,Dotai,0317,76,0,
10000951,Popai,Popai,0317,76,0,
10000952,Hassupura,Hassupura,0317,76,0,
10000953,Athsaini,Athsaini,0317,76,0,
10000954,Badarkha,Badarkha,0317,76,0,
10000955,Bihuni,Bihuni,0317,76,0,
10000956,Lohari,Lohari,0317,76,0,
10000957,Karimpur,Karimpur,0317,76,0,
10000958,Dehrarampur,Dehrarampur,0317,76,0,
10000959,Dholpur,Dholpur,0317,76,0,
10000960,Salarpur,Salarpur,0317,76,0,
10000961,Bhaina,Bhaina,0317,76,0,
10000962,Sadarpur,Sadarpur,0317,76,0,
10000963,Nanai,Nanai,0317,76,0,
10000964,Sehal,Sehal,0317,76,0,
10000965,Bahadurgarh,Bahadurgarh,0317,76,0,
10000966,Bhadsiyana,Bhadsiyana,0317,76,0,
10000967,Lehedra,Lehedra,0317,76,0,
10000968,Sherpur,Sherpur,0317,76,0,
10000969,Alamnagar,Alamnagar,0317,76,0,
10000970,Brijgath,Brijgath,0317,76,0,
10000971,Alamgirpur,Atsu,0317,76,41387,148499
10000972,Allabakshpur,Allabakshpur,0317,76,0,
10000973,Palwada,Palwada,0317,76,0,
10000974,Paswada,Paswada,0317,76,0,
10000975,Mohammadpur,Mohammadpur,0317,76,0,
10000976,Nanpur,Nanpur,0317,76,0,
10000977,Baxar,Baxar,0317,76,0,
10000978,Wait,Wait,0317,76,0,
10000979,Faridpur Simbhaoli,Faridpur Simbhaoli,0317,76,0,
10000980,Bhovapur Mastan Nagar,Bhovapur Mastan Nagar,0317,76,0,
10000981,Saroor Pur,Saroor Pur,0317,76,0,
10000982,Sikheda,Sikheda,0317,76,0,
10000983,Raj Pur,Raj Pur,0317,76,0,
10000984,Himmatpur,Himmatpur,0317,76,0,
10000985,Harora,Harora,0317,76,0,
10000986,Bharna,Bharna,0317,76,0,
10000987,Dariyapur,Dariyapur,0317,76,0,
10000988,Saina,Saina,0317,76,0,
10000989,Kurana,Kurana,0317,76,0,
10000990,MURADPUR,MURADPUR,0317,76,61691,0
10000991,Jakheda,Jakheda,0317,76,0,
10000992,Rajapur,Rajapur,0317,76,0,
10000993,Saloni,Saloni,0317,76,0,
10000994,Rajheti,Rajheti,0317,76,0,
10000995,Kheda,Kheda,0317,76,0,
10000996,Gendu Nangala,Gendu Nangala,0317,76,0,
10000997,Jamal Pur,Jamal Pur,0317,76,0,
10000998,Dattiyana,Dattiyana,0317,76,0,
10000999,Madhapur,Madhapur,0317,76,0,
10001000,Farid Pur Gosai,Farid Pur Gosai,0317,76,0,
10001001,Tigri,Tigri,0317,76,0,
10001002,Mubarak Pur,Mubarak Pur,0317,76,0,
10001003,Mohammad Pur,Mohammad Pur,0317,76,0,
10001004,Matnora,Matnora,0317,76,0,
10001005,Vigas,Vigas,0317,76,0,
10001006,Kaniya,Kaniya,0317,76,0,
10001007,Attuta,Attuta,0317,76,0,
10001008,Shampur,Shampur,0317,76,0,
10001009,Sharikpur,Sharikpur,0317,76,0,
10001010,BHAGWANPUR,BHAGWANPUR,0317,76,61493,0
10001011,Buklana,Buklana,0317,76,0,
10001012,Fuldhera,Fuldhera,0317,76,0,
10001013,Navada,Navada,0317,76,0,
10001014,Mudafara,Mudafara,0317,76,0,
10001015,Kota,Kota,0317,76,0,
10001016,Bhadli,Bhadli,0317,76,0,
10001017,Arikpur,Arikpur,0317,76,0,
10001018,Gohra,Gohra,0317,76,0,
10001019,Aurangabad,Aurangabad,0317,76,0,
10001020,Basatpur,Basatpur,0318,76,0,
10001021,Kapoorpur,Kapoorpur,0318,76,0,
10001022,Nandpur,Nandpur,0318,76,0,
10001023,Chijarchi,Chijarchi,0318,76,0,
10001024,Masota,Masota,0318,76,0,
10001025,Nidori,Nidori,0318,76,0,
10001026,Nidhwali,Nidhwali,0318,76,0,
10001027,Dhikri,Dhikri,0318,76,0,
10001028,Kakrana,Kakrana,0318,76,0,
10001029,Jadopur,Jadopur,0318,76,0,
10001030,Dehra,Dehra,0318,76,0,
10001031,Hasanpur,Hasanpur,0318,76,0,
10001032,Udayrampur Nagla,Udayrampur Nagla,0318,76,0,
10001033,Kichara,Kichara,0318,76,0,
10001034,Dinanath Puthi,Dinanath Puthi,0318,76,0,
10001035,Raghunathpur,Raghunathpur,0318,76,0,
10001036,Ikla,Ikla,0318,76,0,
10001037,Inayatpur,Inayatpur,0318,76,0,
10001038,PIPLEDA,PIPLEDA,0318,76,0,
10001039,GALAND,GALAND,0318,76,0,
10001040,Lakhan,Lakhan,0318,76,0,
10001041,Hindalpur,Hindalpur,0318,76,0,
10001042,Bhovapur,Bhovapur,0318,76,0,
10001043,Kheda,Kheda,0318,76,0,
10001044,Sikheda,Sikheda,0318,76,0,
10001045,bajheda khurd,bajheda khurd,0318,76,0,
10001046,Dhuri,Dhuri,0318,76,0,
10001047,Kandola/ Habal,Kandola/ Habal,0318,76,0,
10001048,Pawla/Jatpura,Pawla/Jatpura,0318,76,0,
10001049,Ajampur,Ajampur,0318,76,0,
10001050,Kandoli,Kandoli,0318,76,0,
10001051,Dehapa,Dehapa,0318,76,0,
10001052,Himmat  Nagar,Himmat  Nagar,0318,76,0,
10001053,Faguta,Faguta,0318,76,0,
10001054,Solana,Solana,0318,76,0,
10001055,Lalpur,Lalpur,0318,76,0,
10001056,Sivaya,Sivaya,0318,76,0,
10001057,Narainpur,Narainpur,0318,76,0,
10001058,Narainpur Madhiaya,Narainpur Madhiaya,0318,76,0,
10001059,Narna,Narna,0318,76,0,
10001060,Dahipur,Dahipur,0318,76,0,
10001061,Iklendi,Iklendi,0318,76,0,
10001062,Bhawa,Bhawa,0318,76,0,
10001063,Bhejeda kala 1,Bhejeda kala 1,0318,76,0,
10001064,Bhejeda kala 2,Bhejeda kala 2,0318,76,0,
10001065,Samana,Samana,0318,76,0,
10001066,Nagla Gajju,Nagla Gajju,0318,76,0,
10001067,Nagla Kashi,Nagla Kashi,0318,76,0,
10001068,Doma Tikri,Doma Tikri,0318,76,0,
10001069,Sukhdevpur,Sukhdevpur,0318,76,0,
10001070,Sapnawat,Sapnawat,0318,76,0,
10001071,Karanpur,Karanpur,0318,76,0,
10001072,milak,milak,0318,76,0,
10001073,Karanpur Jatt,Karanpur Jatt,0318,76,0,
10001074,Dhaulana,Dhaulana,0318,76,0,
10001075,Parpa,Parpa,0318,76,0,
10001076,Madapur,Madapur,0318,76,0,
10001077,Nagla Chhajju,Nagla Chhajju,0318,76,0,
10001078,Prtapur,Prtapur,0318,76,0,
10001079,Bidhepur,Bidhepur,0318,76,0,
10001080,Kherpur,Kherpur,0318,76,0,
10001081,Achpal Ghadi,Achpal Ghadi,0318,76,0,
10001082,Meera pur,Meera pur,0318,76,0,
10001083,Kandola,Kandola,0318,76,0,
10001084,PARAM PURWA,PARAM PURWA,0171,40,47912,154884
10001085,baan bazar,baan bazar,0144,33,42051,149163
10001086,Baan gaon,Baan gaon,0144,33,42051,149163
10001087,Kamlapati Ghyanshyam,Kamlapati Ghyanshyam,0144,33,42051,149163
10001088,Manepur,Manepur,0144,33,42051,149163
10001089,Ranepur,Ranepur,0144,33,42051,149163
10001090,Dhokalpurva,Dhokalpurva,0144,33,42051,149163
10001091,Pulbazar Kanchushi,Pulbazar Kanchushi,0144,33,42051,149163
10001092,Jamon,Jamon,0309,71,18865,215155
10001093,Nagla Mitan,Nagla Mitan,0309,71,18865,215155
10001094,Kheriya,Kheriya,0309,71,18865,215155
10001095,Pilkhun,Pilkhun,0309,71,18865,215155
10001096,NaglaBhajan,NaglaBhajan,0309,71,18865,215155
10001097,Nagla Rajaram,Nagla Rajaram,0309,71,18865,215155
10001098,Gariram Lal,Gariram Lal,0309,71,18865,215155
10001099,Karhal,Karhal,0309,71,18865,215155
10001100,MAULAGANJ,MAULAGANJ,0247,57,77771,0
10001101,ANANTPUR,ANANTPUR,0247,57,77771,0
10001102,PIPARA KHURD,PIPARA KHURD,0247,57,77771,0
10001103,ANANTPUR MOTHAHI,ANANTPUR MOTHAHI,0247,57,77771,0
10001104,NAVIGANJ,NAVIGANJ,0247,57,77771,0
10001105,Pure Ori Singh,,0214,73,62599,
10001106,Jafar Ganj,,0214,73,62599,
10001107,Madhu Pur,,0214,73,62599,
10001108,Pure Ori Singh,Pure Ori Singh,0313,73,0,
10001109,Jafar Ganj,Jafar Ganj,0313,73,0,
10001110,Madhu Pur,Madhu Pur,0313,73,0,
10001111,Kisaura,Kisaura,0270,61,88909,195849
10001119,Kunji,Kunji,0266,61,0,
10001120,Idilpur,Idilpur,0266,61,0,
10001121,Bajaha,Bajaha,0266,61,0,
10001122,Punarji,Punarji,0266,61,0,
10001123,Berni,Berni,0309,71,0,
10001124,Kunjal Pur,Kunjal Pur,0309,71,0,
10001125,Bhyau,Bhyau,0309,71,0,
10001126,Bachhepura,Bachhepura,0309,71,0,
10001127,Lohcha Pur,Lohcha Pur,0309,71,0,
10001128,Unchagoan,Unchagoan,0309,71,0,
10001129,Padhera,Padhera,0309,71,0,
10001130,Nagla Sukha,Nagla Sukha,0309,71,0,
10001131,Kodra,Kodra,0309,71,0,
10001132,Nagla Prathvi,Nagla Prathvi,0309,71,0,
10001133,Ramray Pur,Ramray Pur,0309,71,0,
10001134,Nagla Balit,Nagla Balit,0309,71,0,
10001135,Nagla rRadhe,Nagla rRadhe,0309,71,0,
10001136,Saray neem,Saray neem,0309,71,0,
10001137,Sherpur Mirjapur,Sherpur Mirjapur,0309,71,0,
10001138,Mukut Pur,Mukut Pur,0309,71,0,
10001139,Nagla Radhe,Nagla Radhe,0309,71,0,
10001140,Nagla Anni,Nagla Anni,0309,71,0,
10001141,Kothi,Kothi,0309,71,0,
10001142,Pyadapur,Pyadapur,0309,71,0,
10001143,Belpipri,Belpipri,0309,71,0,
10001144,Manigari,Manigari,0309,71,0,
10001145,Bichpuri,Bichpuri,0309,71,0,
10001146,Shah Nagar Timrau,Shah Nagar Timrau,0309,71,0,
10001147,Nagla Gadiya,Nagla Gadiya,0309,71,0,
10001148,Nagla Chhokar,Nagla Chhokar,0309,71,0,
10001149,Nagla Shrikrishna,Nagla Shrikrishna,0309,71,0,
10001150,Gudau,Gudau,0309,71,0,
10001151,Nagla Banshi,Nagla Banshi,0309,71,0,
10001152,Nagla Lal Singh,Nagla Lal Singh,0309,71,0,
10001153,Bara Samaspur,Bara Samaspur,0309,71,0,
10001154,Takhavan,Takhavan,0309,71,0,
10001155,Nagla Viri,Nagla Viri,0309,71,0,
10001156,Rajjanpur,Rajjanpur,0309,71,0,
10001157,Babul Gari,Babul Gari,0309,71,0,
10001158,Bhupoal Gari,Bhupoal Gari,0309,71,0,
10001159,Kasim Pur,Kasim Pur,0309,71,0,
10001160,Kosma,Kosma,0309,71,0,
10001161,Nagla Tirkhar,Nagla Tirkhar,0309,71,0,
10001162,Babugarh,Babugarh,0309,71,0,
10001163,Gopalpur,Gopalpur,0309,71,0,
10001164,Bahadur Pur,Bahadur Pur,0309,71,0,
10001165,ArajiBirhar,ArajiBirhar,0309,71,0,
10001166,Saluka Gari,Saluka Gari,0309,71,0,
10001167,PAHADPUR,PAHADPUR,0309,71,61568,0
10001168,Govind Garhi,Govind Garhi,0309,71,0,
10001169,Sona,Sona,0309,71,0,
10001170,Badanpur,Badanpur,0309,71,0,
10001171,Balipur,Balipur,0309,71,0,
10001172,Gwaliyara,Gwaliyara,0309,71,0,
10001173,Nagla Ganga,Nagla Ganga,0309,71,0,
10001174,Nagla Sukhdev,Nagla Sukhdev,0309,71,0,
10001175,Mai Nauabad,Mai Nauabad,0309,71,0,
10001176,Kartthani,Kartthani,0309,71,0,
10001177,Kajipur,Kajipur,0309,71,0,
10001178,Sakrauli,Sakrauli,0309,71,0,
10001179,Mahapur,Mahapur,0309,71,0,
10001180,Dharampur,Dharampur,0309,71,0,
10001181,Udai Gari,Udai Gari,0309,71,0,
10001182,Balgari,Balgari,0309,71,0,
10001183,Nagla brajpur,Nagla brajpur,0309,71,0,
10001184,Nagla Udai,Nagla Udai,0309,71,0,
10001185,Nagla Vakt,Nagla Vakt,0309,71,0,
10001186,Nagla semar,Nagla semar,0309,71,0,
10001187,Vsundhara,Vsundhara,0309,71,0,
10001188,N.Galua,N.Galua,0309,71,0,
10001189,Nohri,Nohri,0309,71,0,
10001190,Vishanpur,Vishanpur,0309,71,0,
10001191,Kheda,Kheda,0309,71,0,
10001192,Nijampur,Nijampur,0309,71,0,
10001193,Rajgadh,Rajgadh,0309,71,0,
10001194,Ganeshpur,Ganeshpur,0309,71,0,
10001195,N.Bhavni,N.Bhavni,0309,71,0,
10001196,N.Bhavnai,N.Bhavnai,0309,71,0,
10001197,N.Madho,N.Madho,0309,71,0,
10001198,Navli,Navli,0309,71,0,
10001199,N.Kesri,N.Kesri,0309,71,0,
10001200,Pilua,Pilua,0309,71,0,
10001201,Tatarpur,Tatarpur,0309,71,0,
10001202,N.saiya,N.saiya,0309,71,0,
10001203,Jawahar Pur,Jawahar Pur,0309,71,0,
10001204,N.Daleep,N.Daleep,0309,71,0,
10001205,N.Mohan,N.Mohan,0309,71,0,
10001206,Badagao,Badagao,0309,71,0,
10001207,N.Roop,N.Roop,0309,71,0,
10001208,Nidhauli city,Nidhauli city,0309,71,0,
10001209,Kheranooh,Kheranooh,0309,71,0,
10001210,Nag. Chand,Nag. Chand,0309,71,0,
10001211,Dalshahpur,Dalshahpur,0309,71,0,
10001212,Gulabpur,Gulabpur,0309,71,0,
10001213,Khanjarpur,Khanjarpur,0309,71,0,
10001214,Raseedpur,Raseedpur,0309,71,0,
10001215,Dayarampur,Dayarampur,0309,71,0,
10001216,Dulha,Dulha,0309,71,0,
10001217,Pabah,Pabah,0309,71,0,
10001218,Abdulhaipur,Abdulhaipur,0309,71,0,
10001219,Butpura,Butpura,0309,71,0,
10001220,Kheriya Khate,Kheriya Khate,0309,71,0,
10001221,Mo.Kambho,Mo.Kambho,0309,71,0,
10001222,Mo.kayasthan,Mo.kayasthan,0309,71,0,
10001223,Mo.Kasyan Ban,Mo.Kasyan Ban,0309,71,0,
10001224,Jinehra,Jinehra,0309,71,0,
10001225,Mirechi,Mirechi,0309,71,0,
10001226,Kutena,Kutena,0309,71,0,
10001227,N.Chahbcha,N.Chahbcha,0309,71,0,
10001228,Farid Pur,Farid Pur,0309,71,0,
10001229,Fatepur,Fatepur,0309,71,0,
10001230,Nagla Machi,Nagla Machi,0309,71,0,
10001231,Bagwala,Bagwala,0309,71,0,
10001232,Nagla Chatar,Nagla Chatar,0309,71,0,
10001233,Gariyahar,Gariyahar,0309,71,0,
10001234,Kanikpur,Kanikpur,0309,71,0,
10001235,Ishpur,Ishpur,0309,71,0,
10001236,Vichiya,Vichiya,0309,71,0,
10001237,Ganganpur,Ganganpur,0309,71,0,
10001238,Nagla Dhani,Nagla Dhani,0309,71,0,
10001239,Kishangarh,Kishangarh,0309,71,0,
10001240,Taliya,Taliya,0309,71,0,
10001241,Baroli,Baroli,0309,71,0,
10001242,Ramnagar,Ramnagar,0309,71,0,
10001243,Kamalpur,Kamalpur,0309,71,0,
10001244,Sahspur,Sahspur,0309,71,0,
10001245,Nagla Ninnar,Nagla Ninnar,0309,71,0,
10001246,Bajidpur,Bajidpur,0309,71,0,
10001247,Bhalaipur,Bhalaipur,0309,71,0,
10001248,Raj Pura,Raj Pura,0309,71,0,
10001249,Binaura,Binaura,0309,71,0,
10001250,Mo.kayasthan,Mo.kayasthan,0308,71,0,
10001251,Mo.Kambho,Mo.Kambho,0308,71,0,
10001252,Mo.Kasyan Ban,Mo.Kasyan Ban,0308,71,0,
10001253,Jinehra,Jinehra,0308,71,0,
10001254,Mirechi,Mirechi,0308,71,0,
10001255,Kutena,Kutena,0308,71,0,
10001256,N.Chahbcha,N.Chahbcha,0308,71,0,
10001257,Farid Pur,Farid Pur,0308,71,0,
10001258,Fatepur,Fatepur,0308,71,0,
10001259,Nagla Machi,Nagla Machi,0308,71,0,
10001260,Bagwala,Bagwala,0308,71,0,
10001261,Nagla Chatar,Nagla Chatar,0308,71,0,
10001262,Gariyahar,Gariyahar,0308,71,0,
10001263,Kanikpur,Kanikpur,0308,71,0,
10001264,Ishpur,Ishpur,0308,71,0,
10001265,Vichiya,Vichiya,0308,71,0,
10001266,Ganganpur,Ganganpur,0308,71,0,
10001267,Nagla Dhani,Nagla Dhani,0308,71,0,
10001268,Kishangarh,Kishangarh,0308,71,0,
10001269,Taliya,Taliya,0308,71,0,
10001270,Baroli,Baroli,0308,71,0,
10001271,Ramnagar,Ramnagar,0308,71,0,
10001272,Kamalpur,Kamalpur,0308,71,0,
10001273,Sahspur,Sahspur,0308,71,0,
10001274,Nagla Ninnar,Nagla Ninnar,0308,71,0,
10001275,Bajidpur,Bajidpur,0308,71,0,
10001276,Bhalaipur,Bhalaipur,0308,71,0,
10001277,Raj Pura,Raj Pura,0308,71,0,
10001278,Binaura,Binaura,0308,71,0,
10001279,N.Jaith,N.Jaith,0308,71,0,
10001280,Mangad pur,Mangad pur,0308,71,0,
10001281,Bhalol,Bhalol,0308,71,0,
10001282,Bhalol,Bhalol,0307,71,0,
10001283,Medupura,Medupura,0307,71,0,
10001284,Bijouri,Bijouri,0307,71,0,
10001285,Mariya,Mariya,0307,71,0,
10001286,Nagla Atip,Nagla Atip,0307,71,0,
10001287,Prahlad pura,Prahlad pura,0307,71,0,
10001288,Dharra,Dharra,0307,71,0,
10001289,Mayachak,Mayachak,0307,71,0,
10001290,Nagla bali,Nagla bali,0307,71,0,
10001291,Kokpura,Kokpura,0307,71,0,
10001292,Bandu pura,Bandu pura,0307,71,0,
10001293,Nagla Nankar,Nagla Nankar,0307,71,0,
10001294,Nagla Chetram,Nagla Chetram,0307,71,0,
10001295,Diuna Khurd,Diuna Khurd,0307,71,0,
10001296,Nagla Dalu,Nagla Dalu,0307,71,0,
10001297,Nagla Neru,Nagla Neru,0307,71,0,
10001298,Goshl pura,Goshl pura,0307,71,0,
10001299,Nagla Samnti,Nagla Samnti,0307,71,0,
10001300,Guhtiya kalan,Guhtiya kalan,0307,71,0,
10001301,Guhtiya Khurd,Guhtiya Khurd,0307,71,0,
10001302,Nagla Bhami,Nagla Bhami,0307,71,0,
10001303,Nagla Chouhan,Nagla Chouhan,0307,71,0,
10001304,Shokha,Shokha,0307,71,0,
10001305,Barouliya,Barouliya,0307,71,0,
10001306,Nagla Dheeraj,Nagla Dheeraj,0307,71,0,
10001307,Bajeed pur,Bajeed pur,0307,71,0,
10001308,Sahbaj pur,Sahbaj pur,0307,71,0,
10001309,Kasela,Kasela,0307,71,0,
10001310,Nagla Abir,Nagla Abir,0307,71,0,
10001311,Nagla Chintamin,Nagla Chintamin,0307,71,0,
10001312,Nagla Murli,Nagla Murli,0307,71,0,
10001313,Nagla Jodha,Nagla Jodha,0307,71,0,
10001314,Nagla Mohan,Nagla Mohan,0307,71,0,
10001315,Nagla Dayaram,Nagla Dayaram,0309,71,0,
10001316,Vidyapur,Vidyapur,0067,15,0,
10001317,Bharangarpur,Bharangarpur,0067,15,0,
10001318,Mori,Mori,0067,15,0,
10001319,Barauli,Barauli,0067,15,0,
10001320,Parwar,Parwar,0277,63,0,
10001321,Janaupur,Janaupur,0277,63,0,
10001322,Siktauti,Siktauti,0277,63,0,
10001323,Reoti (Urban),Reoti (Urban),0279,63,0,
10001324,Moon Chhapara,Moon Chhapara,0279,63,0,
10001325,Gaighat,Gaighat,0279,63,0,
10001326,BAKRPUR BALENI,BAKRPUR BALENI,0035,8,0,
10001327,DANT NAGAR,DANT NAGAR,0035,8,0,
10001328,HABIBPUR NAGLA,HABIBPUR NAGLA,0035,8,0,
10001329,GHATOLI,GHATOLI,0035,8,0,
10001330,BAKRPUR BALENI,BAKRPUR BALENI,0,8,0,
10001331,BAKRPUR BALENI,BAKRPUR BALENI,0036,8,0,
10001332,DANT NAGAR,DANT NAGAR,0036,8,0,
10001333,HABIBPUR NAGLA,HABIBPUR NAGLA,0036,8,0,
10001334,GHATOLI,GHATOLI,0036,8,0,
10001335,PUTHAD,PUTHAD,0036,8,0,
10001336,AMRPUR GADHI,AMRPUR GADHI,0036,8,0,
10001337,DHIKOLI I,DHIKOLI I,0036,8,0,
10001338,DHIKOLI II,DHIKOLI II,0036,8,0,
10001339,HARIA KHERA,HARIA KHERA,0036,8,0,
10001340,NAVADA,NAVADA,0036,8,0,
10001341,SOBHAPUR,SOBHAPUR,0036,8,0,
10001342,KHERKA,KHERKA,0036,8,0,
10001343,HARACIYA,HARACIYA,0036,8,0,
10001344,KHINDORA,KHINDORA,0036,8,0,
10001345,MAVI KHURD,MAVI KHURD,0036,8,0,
10001346,KANSPUTHI,KANSPUTHI,0036,8,0,
10001347,ROSHAN GHAR,ROSHAN GHAR,0036,8,0,
10001348,DOLTPUR,DOLTPUR,0036,8,0,
10001349,SAIDBHAR,SAIDBHAR,0036,8,0,
10001350,SAKALPUTHI,SAKALPUTHI,0036,8,0,
10001351,MAVLA,MAVLA,0036,8,0,
10001352,RATANPURI,RATANPURI,0036,8,0,
10001353,BASATIKRI,BASATIKRI,0036,8,0,
10001354,KHASPUR,KHASPUR,0036,8,0,
10001355,Jaingara,Jaingara,0066,15,0,
10001356,B.Bobla,B.Bobla,0066,15,0,
10001357,,,0066,15,0,
10001358,V.Jotiraj,V.Jotiraj,0066,15,0,
10001359,B.Raimal,B.Raimal,0066,15,0,
10001360,Kurra,,0155,35,0,
10001361,Kusmara,&nbsp;,0151,35,0,
10001362,Chhiriya khurd,,0151,35,0,
10001363,Lahudi,,0151,35,0,
10001364,Lagampura,,0151,35,0,
10001365,Barguwan,,0151,35,0,
10001366,Baroli,,0151,35,0,
10001367,Choti Khod,,0151,35,0,
10001368,Badi khod,,0151,35,0,
10001369,Pura Umri,,0151,35,0,
10001370,Umri,,0151,35,0,
10001371,Kusmara,,0155,35,0,
10001372,Chhiriya khurd,,0155,35,0,
10001373,Lahudi,,0155,35,0,
10001374,Lagampura,,0155,35,0,
10001375,Barguwan,,0155,35,0,
10001376,Baroli,,0155,35,0,
10001377,Choti Khod,,0155,35,0,
10001378,Badi khod,,0155,35,0,
10001379,Pura Umri,,0155,35,0,
10001380,Umri,,0155,35,0,
10001381,Shiv Rampurwa,,0101,23,0,
10001382,BARCIYA,BARCIYA,0036,8,0,
10001383,PURAMHADEV,PURAMHADEV,0036,8,0,
10001384,Kolapurwa,,0101,23,0,
10001385,Rauliya Tanda,,0101,23,0,
10001386,Kewalpurwa,,0101,23,0,
10001387,Chamaranpurwa,,0101,23,0,
10001388,Belhari,,0101,23,0,
10001389,Ahiranpurwa,,0101,23,0,
10001390,Nakha,,0101,23,0,
10001391,Asogapur,,0101,23,0,
10001392,Chandouli,Chandouli,0115,26,0,
10001393,Harouni,Harouni,0115,26,0,
10001394,Pilkhana,Pilkhana,0115,26,0,
10001395,Koroura,Koroura,0115,26,0,
10001396,Maljha,Maljha,0115,26,0,
10001397,Suraj khera,Suraj khera,0115,26,0,
10001398,Lou Khera Dhoura,Lou Khera Dhoura,0115,26,0,
10001399,Maharaj Ganj,Maharaj Ganj,0115,26,0,
10001400,Meer khera,Meer khera,0115,26,0,
10001401,Sekhu pur Tareha,Sekhu pur Tareha,0115,26,0,
10001402,Gayadeen khera,Gayadeen khera,0115,26,0,
10001403,Poora,Poora,0115,26,0,
10001404,Jajumou Roykhera,Jajumou Roykhera,0115,26,0,
10001405,Barouna,Barouna,0115,26,0,
10001406,Gajakhera Bhanpur,Gajakhera Bhanpur,0115,26,0,
10001407,Haseva,Haseva,0115,26,0,
10001408,Munshi Ganj,Munshi Ganj,0115,26,0,
10001409,Chak kushahari,Chak kushahari,0115,26,0,
10001410,Moulabakipur,Moulabakipur,0115,26,0,
10001411,Ninde mou Katara,Ninde mou Katara,0115,26,0,
10001412,Ninde mou Bichpari,Ninde mou Bichpari,0115,26,0,
10001413,Bamhana Khera,Bamhana Khera,0115,26,0,
10001414,HajiyapurMunni Khera,HajiyapurMunni Khera,0115,26,0,
10001415,Bhavan Khera,Bhavan Khera,0115,26,0,
10001416,Mehandi Khera,Mehandi Khera,0115,26,0,
10001417,Rani Khera,Rani Khera,0115,26,0,
10001418,Bibipur,Bibipur,0115,26,0,
10001419,Chiryari,Chiryari,0115,26,0,
10001420,Bad bada khera,Bad bada khera,0115,26,0,
10001421,Avagojha,Avagojha,0115,26,0,
10001422,Nai Sarai,Nai Sarai,0115,26,0,
10001423,Baruahar-Molvikhera,Baruahar-Molvikhera,0115,26,0,
10001424,Harinam Khera,Harinam Khera,0115,26,0,
10001425,Paragi Khera,Paragi Khera,0115,26,0,
10001426,Jasmanda,Jasmanda,0115,26,0,
10001427,Ganesh Khera,Ganesh Khera,0115,26,0,
10001428,Giravar Khera,Giravar Khera,0115,26,0,
10001429,Sattidin Khera,Sattidin Khera,0115,26,0,
10001430,Khandvari,Khandvari,0115,26,0,
10001431,Jai govind Khera,Jai govind Khera,0115,26,0,
10001432,Udhava Khera,Udhava Khera,0115,26,0,
10001433,Aga Khera,Aga Khera,0115,26,0,
10001434,Jamalpur Madhi,Jamalpur Madhi,0115,26,0,
10001435,Hulas Khera,Hulas Khera,0115,26,0,
10001436,Baktouri Khera,Baktouri Khera,0115,26,0,
10001437,Lakhoura-Bhatpura,Lakhoura-Bhatpura,0115,26,0,
10001438,Singhanapur,Singhanapur,0115,26,0,
10001439,BAKULIKHEDHA,BAKULIKHEDHA,0117,26,0,
10001440,CHHATAKHEDHA,CHHATAKHEDHA,0117,26,0,
10001441,AMRAPUR,AMRAPUR,0117,26,0,
10001442,KEDARKHEDHA,KEDARKHEDHA,0117,26,0,
10001443,HULIYAKHEDHA,HULIYAKHEDHA,0117,26,0,
10001444,BHULEMAU,BHULEMAU,0117,26,0,
10001445,BHOLAGANJ,BHOLAGANJ,0117,26,0,
10001446,Yadunandankhedha,Yadunandankhedha,0117,26,0,
10001447,Bastikhedha,Bastikhedha,0117,26,0,
10001448,Singhpuyr,Singhpuyr,0117,26,0,
10001449,Ishapur,Ishapur,0117,26,0,
10001450,Rajakhedha,Rajakhedha,0117,26,0,
10001451,ChamrahiyaChamrahiya,Chamrahiya,0117,26,0,
10001452,Purainikhehda,Purainikhehda,0117,26,0,
10001453,Amrikhehda,Amrikhehda,0117,26,0,
10001454,Keshrikhehda,Keshrikhehda,0117,26,0,
10001455,Sabhaga,Sabhaga,0117,26,0,
10001456,Kauwagadi,Kauwagadi,0117,26,0,
10001457,Dela,Dela,0117,26,0,
10001458,Jafarkhehda,Jafarkhehda,0117,26,0,
10001459,Vajeerkhedha,Vajeerkhedha,0117,26,0,
10001460,Bahraura,Bahraura,0117,26,0,
10001461,Shivrajkhedha,Shivrajkhedha,0117,26,0,
10001462,Arjunkhedha,Arjunkhedha,0117,26,0,
10001463,Ekghara,Ekghara,0114,26,0,
10001464,Harchandpur,Harchandpur,0117,26,0,
10001465,Mahrajkhedha,Mahrajkhedha,0117,26,0,
10001466,Prabhuwakhedha,Prabhuwakhedha,0117,26,0,
10001467,Dinaikhedha,Dinaikhedha,0117,26,0,
10001468,Aganuakhedha,Aganuakhedha,0117,26,0,
10001469,Kaimapur,Kaimapur,0117,26,0,
10001470,Pangakhedha,Pangakhedha,0117,26,0,
10001471,,,0117,26,0,
10001472,Shivdeenkhedha,Shivdeenkhedha,0117,26,0,
10001473,Nayakhedha,Nayakhedha,0117,26,0,
10001474,Patehra,Patehra,0117,26,0,
10001475,Dundikhedha,Dundikhedha,0117,26,0,
10001476,Shivpura,Shivpura,0117,26,0,
10001477,Jamurpur,Jamurpur,0117,26,0,
10001478,Vikkakhedha,Vikkakhedha,0117,26,0,
10001479,Deenakhedha,Deenakhedha,0117,26,0,
10001480,Gopalkhedha,Gopalkhedha,0117,26,0,
10001481,Bewal,Bewal,0117,26,0,
10001482,Manshakhedha,Manshakhedha,0117,26,0,
10001483,Kodiyakhedha,Kodiyakhedha,0117,26,0,
10001484,Badekhedha,Badekhedha,0117,26,0,
10001485,Choki per ka khedha,Choki per ka khedha,0117,26,0,
10001486,Devidayalkhedha,Devidayalkhedha,0117,26,0,
10001487,Kuttikhedha,Kuttikhedha,0117,26,0,
10001488,Kundankhedha,Kundankhedha,0117,26,0,
10001489,Badrikhedha,Badrikhedha,0117,26,0,
10001490,Nayagawn,Nayagawn,0117,26,0,
10001491,Kedarnathkhedha,Kedarnathkhedha,0117,26,0,
10001492,Deewankhedha,Deewankhedha,0117,26,0,
10001493,Newajkhedha,Newajkhedha,0117,26,0,
10001494,Tamolinkhehda,Tamolinkhehda,0117,26,0,
10001495,Sahidunkhedha,Sahidunkhedha,0117,26,0,
10001496,Ameerganj,Ameerganj,0117,26,0,
10001497,Bibikhedha,Bibikhedha,0117,26,0,
10001498,Jaan ali khedha,Jaan ali khedha,0117,26,0,
10001499,Munavvarkhedha,Munavvarkhedha,0117,26,0,
10001500,Bakarganj,Bakarganj,0117,26,0,
10001501,Nawaw,Nawaw,0117,26,0,
10001502,Ajam alikhedha,Ajam alikhedha,0117,26,0,
10001503,Madhaukhedha,Madhaukhedha,0117,26,0,
10001504,Mirjakhedha,Mirjakhedha,0117,26,0,
10001505,Sahadatganj,Sahadatganj,0117,26,0,
10001506,Tripurarpur kala,Tripurarpur kala,0117,26,0,
10001507,Tripurarpur khurd,Tripurarpur khurd,0117,26,0,
10001508,Poorankhedha,Poorankhedha,0117,26,0,
10001509,Rambhakhedha,Rambhakhedha,0117,26,0,
10001510,Turkaha,Turkaha,0117,26,0,
10001511,Ramdayalkhedha,Ramdayalkhedha,0117,26,0,
10001512,Poorandaskhedha,Poorandaskhedha,0117,26,0,
10001513,Raghunathpur,Raghunathpur,0117,26,0,
10001514,Lakhmademau,Lakhmademau,0117,26,0,
10001515,Gayabakshkhedha,Gayabakshkhedha,0117,26,0,
10001516,Juggakhedha,Juggakhedha,0117,26,0,
10001517,Shivratankhedha,Shivratankhedha,0117,26,0,
10001518,Babaukhehda,Babaukhehda,0117,26,0,
10001519,Heerakhedha,Heerakhedha,0117,26,0,
10001520,Baurikhedha,Baurikhedha,0117,26,0,
10001521,Roopkhedha,Roopkhedha,0117,26,0,
10001522,Chhedakhedha,Chhedakhedha,0117,26,0,
10001523,Pakra bujurg,Pakra bujurg,0117,26,0,
10001524,Purandarpur,Purandarpur,0117,26,0,
10001525,Thokerypur,Thokerypur,0117,26,0,
10001526,Baijuamau,Baijuamau,0117,26,0,
10001527,Shambhuratakhedha,Shambhuratakhedha,0117,26,0,
10001528,Ramkhedha,Ramkhedha,0117,26,0,
10001529,Raghukhedha,Raghukhedha,0117,26,0,
10001530,Bhutahihar,Bhutahihar,0117,26,0,
10001531,Mohabbatpur Ahir,,0074,16,0,
10001532,Chari Chappar,,0074,16,0,
10001533,Haviliya,Rahimapur,0142,32,41389,148501
10001534,1234,0256666,0196,46,57026,164017
10001535,Shri Nagar,Atsu,0142,32,41387,148499
10001536,Alamgirpur,Atsu,0142,32,41387,148499
10001537,Prathvipur,Atsu,0142,32,41387,148499
10001538,Na. Dheer,Na. Dheer,0073,16,16861,125696
10001539,ALINAGAR,ALINAGAR,0243,56,76138,183072
10001540,Bigahi,Bigahi,0278,63,92419,199323
10001541,DERA BAWALI,DERA BAWALI,0308,71,18765,215054
10001542,Nagala Agar,Nagala Agar,0308,71,18750,215039
10001543,hiraudi,hiraudi,0308,71,18766,215055
10001544,Bigor,Bigor,0308,71,18657,214946
10001545,Herapur,Herapur,0308,71,18663,214952
10001546,PURSARI,PURSARI,0308,71,18743,215032
10001547,Jaichandpur katghara,Jaichandpur katghara,0224,51,0,
10001548,Saurupur,Saurupur,0224,51,0,
10001549,Sarwantara,Sarwantara,0224,51,0,
10001550,badhara,badhara,0256,59,81810,
10001551,achkamau,kuti ghat,0201,46,58394,165387
10001552,achkamau,malle pur,0201,46,58394,165387
10001553,Naya Purwa,Naya Purwa,0153,35,44363,
10001554,Navalpura,Navalpura,0153,35,44363,
10001555,Dwarika Puri,Dwarika Puri,0153,35,44363,
10001556,Vasantal,Vasantal,0153,35,44363,
10001557,Pal Madiya,Pal Madiya,0153,35,44276,
10001558,Magha Pur,Magha Pur,0153,35,44419,
10001559,Choti Madiya,Choti Madiya,0153,35,44255,
10001560,Anada pur,Anand pur,0311,72,17683,
10001561,Samaspur Dengri,Dengari,0311,72,17652,
10001562,Tarwa,Tarwa,0153,35,44309,
10001563,Darwa,Darwa,0153,35,44309,
10001564,Patti Pura,Patti Pura,0153,35,44330,
10001565,Preetam Pur,Preetam Pur,0153,35,44347,
10001566,Jagan Nath Pur,Jagan Nath Pur,0153,35,44347,
10001567,suman yadav,kuvati,0288,65,97071,204009
10001568,ANCHWARA,ANCHWARA,0174,40,48500,0
10001569,jagammanpur,jagammanpur,0151,35,43800,0
10001570,Dumduma,Dumduma,0208,48,60481,0
10001571,PAKHANPUR,PAKHANPUR,0210,48,61642,0
10001572,Mominpur Kewtahiya,Mominpur Kewtahiya,0210,48,61642,0
10001573,DADWA SULTANPUR,DADWA SULTANPUR,0210,48,61642,0
10001574,BHAUSIMPUR,BHAUSIMPUR,0210,48,61701,0
10001575,PETHIYA SOUTH,PETHIYA SOUTH,0210,48,61568,0
10001576,BHIKHARIPUR,BHIKHARIPUR,0210,48,61607,0
10001577,DOHRIPUR ALVALPUR,DOHRIPUR ALVALPUR,0210,48,61521,0
10001578,BHIKHPUR,BHIKHPUR,0210,48,61429,0
10001579,BHAUSIMPUR,BHAUSIMPUR,0210,48,61561,0
10001580,BARSHAYE,BARSHAYE,0210,48,61587,0
10001581,CHATAR PAL,CHATAR PAL,0210,48,61652,0
10001582,JAISINGHPUR,JAISINGHPUR,0210,48,61652,0
10001583,NAYA NAGAR KUTIYWA,NAYA NAGAR KUTIYWA,0210,48,61666,0
10001584,PARETHAWA,PARETHAWA,0210,48,61666,0
10001585,KUTIYAWA GHUTATHWA,KUTIYAWA GHUTATHWA,0210,48,61663,0
10001586,MUSAITPUR SUMWA,MUSAITPUR SUMWA,0210,48,61663,0
10001587,BHATTPURWA,BHATTPURWA,0210,48,61629,0
10001588,NAYA NAGAR,NAYA NAGAR,0210,48,61629,0
10001589,GAURA ADHIYARWA,GAURA ADHIYARWA,0210,48,61629,0
10001590,ADHIYARWA,ADHIYARWA,0210,48,61629,0
10001591,GAURA THAKURANA,GAURA THAKURANA,0210,48,61629,0
10001592,JALALPUR SHIURA,JALALPUR SHIURA,0210,48,61644,0
10001593,BASHIRAHA,BASHIRAHA,0210,48,61644,0
10001594,DASTPUR,DASTPUR,0210,48,61644,0
10001595,SHIVRAJPUR SARAIYA,SHIVRAJPUR SARAIYA,0210,48,61670,0
10001596,DADHIYA,DADHIYA,0210,48,61677,0
10001597,PAKADIYA DADWA,PAKADIYA DADWA,0210,48,61677,0
10001598,AATANGI SUBARPUR,AATANGI SUBARPUR,0210,48,61677,0
10001599,BHATTAPURWA,BHATTAPURWA,0210,48,61677,0
10001600,JAGDISHPUR BRAHIMPUR,JAGDISHPUR BRAHIMPUR,0210,48,61677,0
10001601,USARPUR ULLAHPUR,USARPUR ULLAHPUR,0210,48,61677,0
10001602,NAILI,NAILI,0210,48,61505,0
10001603,NASIRPUR BHUARA,NASIRPUR BHUARA,0210,48,61677,0
10001604,USKI,USKI,0210,48,61677,0
10001605,USHMAPUR,USHMAPUR,0210,48,61677,0
10001606,KALYANPUR BAHWA,KALYANPUR BAHWA,0210,48,61677,0
10001607,KALYANPUR PURWA,KALYANPUR PURWA,0210,48,61677,0
10001608,KHANDWA,KHANDWA,0210,48,61716,0
10001609,ISMAILPUR,ISMAILPUR,0210,48,61698,0
10001610,GANGILA SAHNEMAU,GANGILA SAHNEMAU,0210,48,61709,0
10001611,MAHMOODPUR JAINAPUR,MAHMOODPUR JAINAPUR,0210,48,61709,0
10001612,BANHRA,BANHRA,0210,48,61709,0
10001613,BASAUDHI,BASAUDHI,0210,48,61568,0
10001614,DAKHARPUR,DAKHARPUR,0210,48,61568,0
10001615,TIHAIYA,TIHAIYA,0210,48,61568,0
10001616,DUBKHAR,DUBKHAR,0210,48,61568,0
10001617,RUDAIN,RUDAIN,0210,48,61568,0
10001618,RAMPUR,RAMPUR,0210,48,61617,0
10001619,MASEDHA,MASEDHA,0210,48,61568,0
10001620,AMAULI,AMAULI,0210,48,61568,0
10001621,LALA KA PURA,LALA KA PURA,0210,48,61568,0
10001622,LONIYANA,LONIYANA,0210,48,61568,0
10001623,BAISHANA,BAISHANA,0210,48,61568,0
10001624,PETHIYA NORTH,PETHIYA NORTH,0210,48,61568,0
10001625,MAKHAIPUR MIDIL,MAKHAIPUR MIDIL,0210,48,61547,0
10001626,MAKHAIPUR WEST,MAKHAIPUR WEST,0210,48,61701,0
10001627,MAKHAIPUR EAST,MAKHAIPUR EAST,0210,48,61701,0
10001628,SULHANTARA,SULHANTARA,0210,48,61701,0
10001629,BAKSHPUR,BAKSHPUR,0210,48,61701,0
10001630,BAKSHPUR EAST,BAKSHPUR EAST,0210,48,61701,0
10001631,HARAKPUR,HARAKPUR,0210,48,61701,0
10001632,PURWA,PURWA,0210,48,61701,0
10001633,BHAIRAM KA PURA,BHAIRAM KA PURA,0210,48,61505,0
10001634,SODOWAN,SODOWAN,0210,48,61505,0
10001635,NAMALDIPUR,NAMALDIPUR,0210,48,61505,0
10001636,KAJRI,KAJRI,0210,48,61505,0
10001637,KHANPUR,KHANPUR,0210,48,61547,0
10001638,LAHANGI KA PURA,LAHANGI KA PURA,0210,48,61691,0
10001639,KAKARDILLA,KAKARDILLA,0210,48,61691,0
10001640,NARIYAWA,NARIYAWA,0210,48,61691,0
10001641,SEEHMAI MOLANAPUR,SEEHMAI MOLANAPUR,0210,48,61691,0
10001642,MANIKRAI,MANIKRAI,0210,48,61691,0
10001643,SIKROHAR MAHIYAPAAR,SIKROHAR MAHIYAPAAR,0210,48,61699,0
10001644,SIKROHAR DIHAWA,SIKROHAR DIHAWA,0210,48,61699,0
10001645,KANAKPATTI BAHORIKPUR,KANAKPATTI BAHORIKPUR,0210,48,61607,0
10001646,KAVEERPUR,KAVEERPUR,0210,48,61607,0
10001647,ESARPUR,ESARPUR,0210,48,61547,0
10001648,BIKHARIPUR,BIKHARIPUR,0210,48,61607,0
10001649,MAHAPUR CHANAIPUR,MAHAPUR CHANAIPUR,0210,48,61611,0
10001650,MALETHU,MALETHU,0210,48,61611,0
10001651,PALIYA FAREEDPUR,PALIYA FAREEDPUR,0210,48,61611,0
10001652,MEERPUR KAKRAHWA,MEERPUR KAKRAHWA,0210,48,61611,0
10001653,SHEKHPUR BAHWAPUR,SHEKHPUR BAHWAPUR,0210,48,61611,0
10001654,RATANPUR GHOSIYANA,RATANPUR GHOSIYANA,0210,48,61611,0
10001655,KISUNPATTI,KISUNPATTI,0210,48,61617,0
10001656,BADALPUR,BADALPUR,0210,48,61617,0
10001657,JAMALPUR,JAMALPUR,0210,48,61617,0
10001658,GHATKANA,GHATKANA,0210,48,61617,0
10001659,SAMASPUR,SAMASPUR,0210,48,61617,0
10001660,DIHWA BANGAON,DIHWA BANGAON,0210,48,61657,0
10001661,TEDHAWA,TEDHAWA,0210,48,61657,0
10001662,MAHTHA PANDIT KA PURA,MAHTHA PANDIT KA PURA,0210,48,61657,0
10001663,MADARABAD,MADARABAD,0210,48,61496,0
10001664,SONAHRA,SONAHRA,0210,48,61496,0
10001665,SUBEDAR KA PURA,SUBEDAR KA PURA,0210,48,61496,0
10001666,HARIPUR,HARIPUR,0210,48,61493,0
10001667,KARMULHA,KARMULHA,0210,48,61493,0
10001668,JAGDISHPUR,JAGDISHPUR,0210,48,61493,0
10001669,HARIPUR HITEPUR,HARIPUR HITEPUR,0210,48,61493,0
10001670,MAHAYE SANGAPUR,MAHAYE SANGAPUR,0210,48,61493,0
10001671,UKRA ESARPUR,UKRA ESARPUR,0210,48,61493,0
10001672,MEERPUR,MEERPUR,0210,48,61521,0
10001673,ALEEMPUR,ALEEMPUR,0210,48,61521,0
10001674,NASIRPUR,NASIRPUR,0210,48,61521,0
10001675,BELAHARI DAWA,BELAHARI DAWA,0210,48,61521,0
10001676,ALIGANJ MAHRAJGANJ,ALIGANJ MAHRAJGANJ,0210,48,61521,0
10001677,KAVEERPUR MAHRAJGANJ,KAVEERPUR MAHRAJGANJ,0210,48,61521,0
10001678,ALAVALPUR RASOOLPUR,ALAVALPUR RASOOLPUR,0210,48,61521,0
10001679,ALAVALPUR MURADPUR,ALAVALPUR MURADPUR,0210,48,61521,0
10001680,DOHARIPUR ALAVALPUR,DOHARIPUR ALAVALPUR,0210,48,61521,0
10001681,PACHAUKH,PACHAUKH,0210,48,61521,0
10001682,PACHAUKH CHAKAPAR,PACHAUKH CHAKAPAR,0210,48,61521,0
10001683,PACHAUKH PURWA,PACHAUKH PURWA,0210,48,61521,0
10001684,PACHAUKH ALIPATTI,PACHAUKH ALIPATTI,0210,48,61521,0
10001685,MALPURA,MALPURA,0210,48,61522,0
10001686,HAZIPUR,HAZIPUR,0210,48,61522,0
10001687,MANGURADILLA,MANGURADILLA,0210,48,61522,0
10001688,MIRZAPUR,MIRZAPUR,0210,48,61522,0
10001689,AULIYAPUR MITURJAPUR,AULIYAPUR MITURJAPUR,0210,48,61429,0
10001690,SAMMANPUR,SAMMANPUR,0210,48,61429,0
10001691,CHAKIYA DAMODARPUR,CHAKIYA DAMODARPUR,0210,48,61561,0
10001692,KATANT,KATANT,0210,48,61561,0
10001693,ASMANPATTI,ASMANPATTI,0210,48,61561,0
10001694,ASAUAPAR MOHRAI,ASAUAPAR MOHRAI,0210,48,61556,0
10001695,BALLIPUR MUBARAKPUR,BALLIPUR MUBARAKPUR,0210,48,61556,0
10001696,SALADIPUR,SALADIPUR,0210,48,61556,0
10001697,BRAHIMPUR,BRAHIMPUR,0210,48,61556,0
10001698,LONIYANA KESHAVPUR,LONIYANA KESHAVPUR,0210,48,61556,0
10001699,RAMCHANPUR KESHAVPUR,RAMCHANPUR KESHAVPUR,0210,48,61556,0
10001700,KHANDWA KESHAVPUR,KHANDWA KESHAVPUR,0210,48,61556,0
10001701,CHAKIYA,CHAKIYA,0210,48,61556,0
10001702,ASTHALWA,ASTHALWA,0210,48,61547,0
10001703,SAHSULEMPUR,SAHSULEMPUR,0210,48,61547,0
10001704,TULSIPUR DANPUR,TULSIPUR DANPUR,0210,48,61532,0
10001705,MOHADDIPUR,MOHADDIPUR,0210,48,61532,0
10001706,PAHADPUR DADWA,PAHADPUR DADWA,0210,48,61532,0
10001707,BARSAYE,BARSAYE,0210,48,61587,0
10001708,GAYNPUR HAIBATPUR,GAYNPUR HAIBATPUR,0210,48,61642,0
10001709,HAIBATPUR BISHRAMPUR,HAIBATPUR BISHRAMPUR,0210,48,61642,0
